time,city,target_temp_max_J1,prediction
2022-10-01,Ajaccio,24.3,21.80892599194815
2022-10-02,Ajaccio,24.0,22.666602690442655
2022-10-03,Ajaccio,22.7,24.60816675753949
2022-10-04,Ajaccio,24.9,24.363721686065706
2022-10-05,Ajaccio,24.1,23.673339679379986
2022-10-06,Ajaccio,24.3,24.628723974830585
2022-10-07,Ajaccio,24.3,24.167380253531697
2022-10-08,Ajaccio,23.5,24.191113410680238
2022-10-09,Ajaccio,24.1,24.09397222285837
2022-10-10,Ajaccio,22.8,23.678617127519367
2022-10-11,Ajaccio,19.7,23.86512589709694
2022-10-12,Ajaccio,22.4,23.127919935864792
2022-10-13,Ajaccio,21.8,21.568378511771577
2022-10-14,Ajaccio,23.6,22.784182680907875
2022-10-15,Ajaccio,23.7,22.413190560773117
2022-10-16,Ajaccio,24.7,23.160124211627082
2022-10-17,Ajaccio,24.6,23.10402737664101
2022-10-18,Ajaccio,23.4,23.499977549136368
2022-10-19,Ajaccio,23.0,23.402978617399167
2022-10-20,Ajaccio,26.7,22.70743306808025
2022-10-21,Ajaccio,27.2,22.491753504242112
2022-10-22,Ajaccio,30.5,24.129002785470952
2022-10-23,Ajaccio,28.3,24.262238468411333
2022-10-24,Ajaccio,25.6,25.74532965394959
2022-10-25,Ajaccio,28.4,24.59742943679072
2022-10-26,Ajaccio,25.4,23.236277281961073
2022-10-27,Ajaccio,22.9,24.445326642428867
2022-10-28,Ajaccio,23.2,22.977591081180144
2022-10-29,Ajaccio,23.4,21.70229687272463
2022-10-30,Ajaccio,22.9,21.72537439519209
2022-10-31,Ajaccio,22.8,21.696635822114256
2022-11-01,Ajaccio,21.2,21.36475647672825
2022-11-02,Ajaccio,24.3,21.23203726687452
2022-11-03,Ajaccio,19.1,20.43605779409095
2022-11-04,Ajaccio,19.2,21.796328230563756
2022-11-05,Ajaccio,20.1,19.239473108367456
2022-11-06,Ajaccio,22.3,19.177113970785953
2022-11-07,Ajaccio,21.8,19.463612062819276
2022-11-08,Ajaccio,21.9,20.488401460086788
2022-11-09,Ajaccio,22.0,20.16899369971655
2022-11-10,Ajaccio,22.6,20.13194629420446
2022-11-11,Ajaccio,19.3,20.15879402264619
2022-11-12,Ajaccio,18.3,20.3620024953482
2022-11-13,Ajaccio,19.6,18.694938633178722
2022-11-14,Ajaccio,17.3,18.108553635717293
2022-11-15,Ajaccio,19.2,18.614607088819042
2022-11-16,Ajaccio,20.6,17.472368849486728
2022-11-17,Ajaccio,17.7,18.3132277379392
2022-11-18,Ajaccio,15.5,18.870987272358406
2022-11-19,Ajaccio,17.1,17.479458596903125
2022-11-20,Ajaccio,16.5,16.279410176076837
2022-11-21,Ajaccio,14.6,16.952880476658397
2022-11-22,Ajaccio,16.4,16.608493496562858
2022-11-23,Ajaccio,16.9,15.677281712637786
2022-11-24,Ajaccio,14.7,16.49482907979718
2022-11-25,Ajaccio,18.0,16.55190320751049
2022-11-26,Ajaccio,16.0,15.4459045837943
2022-11-27,Ajaccio,14.6,16.93666676169844
2022-11-28,Ajaccio,13.0,15.8520848320912
2022-11-29,Ajaccio,14.4,15.137138042464606
2022-11-30,Ajaccio,13.9,14.375343993740152
2022-12-01,Ajaccio,15.2,14.92759895805977
2022-12-02,Ajaccio,18.1,14.625435313659725
2022-12-03,Ajaccio,14.8,15.18160312321035
2022-12-04,Ajaccio,16.2,16.517814832325946
2022-12-05,Ajaccio,17.8,14.887711571167442
2022-12-06,Ajaccio,16.1,15.513153093273555
2022-12-07,Ajaccio,15.1,16.156953676091202
2022-12-08,Ajaccio,16.0,15.32084379755629
2022-12-09,Ajaccio,15.2,14.779872710310272
2022-12-10,Ajaccio,12.9,15.205755201694352
2022-12-11,Ajaccio,13.8,14.782925968756334
2022-12-12,Ajaccio,14.9,13.575624991810916
2022-12-13,Ajaccio,16.4,13.857129533831653
2022-12-14,Ajaccio,15.2,14.431731519380264
2022-12-15,Ajaccio,14.5,15.147728811272206
2022-12-16,Ajaccio,15.0,14.475687531339519
2022-12-17,Ajaccio,15.5,14.114493439627676
2022-12-18,Ajaccio,15.4,14.23378426494511
2022-12-19,Ajaccio,15.6,14.413025194045337
2022-12-20,Ajaccio,15.2,14.309339445802333
2022-12-21,Ajaccio,16.9,14.370181001454522
2022-12-22,Ajaccio,19.2,14.134038803092658
2022-12-23,Ajaccio,18.2,14.99488568235402
2022-12-24,Ajaccio,17.9,16.054432008494153
2022-12-25,Ajaccio,19.6,15.512263370600703
2022-12-26,Ajaccio,17.5,15.310072957936017
2022-12-27,Ajaccio,16.2,16.04253687402405
2022-12-28,Ajaccio,17.3,15.018627585380724
2022-12-29,Ajaccio,16.2,14.368013192892416
2022-12-30,Ajaccio,17.3,14.855640167786014
2022-10-01,Besançon,18.4,15.884652959434032
2022-10-02,Besançon,16.6,15.489480797211746
2022-10-03,Besançon,18.0,17.375492103933286
2022-10-04,Besançon,21.6,16.646659941859422
2022-10-05,Besançon,17.8,17.614210760249055
2022-10-06,Besançon,19.6,19.047742037975937
2022-10-07,Besançon,16.7,16.698529350873304
2022-10-08,Besançon,18.3,17.99219587033416
2022-10-09,Besançon,21.3,16.126962388508986
2022-10-10,Besançon,18.3,17.164577466085575
2022-10-11,Besançon,17.4,18.18854195474113
2022-10-12,Besançon,16.8,16.652918921992
2022-10-13,Besançon,15.4,16.148038616393528
2022-10-14,Besançon,19.3,15.866470282596882
2022-10-15,Besançon,23.1,14.585853987400046
2022-10-16,Besançon,22.7,16.35416898933924
2022-10-17,Besançon,22.2,18.143095891079103
2022-10-18,Besançon,21.5,18.105888670829668
2022-10-19,Besançon,21.3,17.545226124903387
2022-10-20,Besançon,18.4,17.520343257245308
2022-10-21,Besançon,20.2,16.812513309542258
2022-10-22,Besançon,23.9,15.246297701398088
2022-10-23,Besançon,18.6,16.171525382964212
2022-10-24,Besançon,20.4,17.970795015314014
2022-10-25,Besançon,20.5,15.189074714116865
2022-10-26,Besançon,23.6,16.44956025661454
2022-10-27,Besançon,24.9,16.078859838822797
2022-10-28,Besançon,23.5,17.557383993984185
2022-10-29,Besançon,22.2,18.01878897839596
2022-10-30,Besançon,20.9,17.164489788466074
2022-10-31,Besançon,15.7,16.71088162464948
2022-11-01,Besançon,15.3,15.676708835155141
2022-11-02,Besançon,17.0,13.126633314807973
2022-11-03,Besançon,10.1,13.134491476558324
2022-11-04,Besançon,9.1,13.98827137310283
2022-11-05,Besançon,11.5,10.291053677556697
2022-11-06,Besançon,15.5,9.904317466789154
2022-11-07,Besançon,18.4,11.273097426383785
2022-11-08,Besançon,14.6,12.625364446278544
2022-11-09,Besançon,14.1,14.128828569945247
2022-11-10,Besançon,13.2,11.819023316987407
2022-11-11,Besançon,14.2,11.915951376240795
2022-11-12,Besançon,9.4,11.699763334780384
2022-11-13,Besançon,15.5,11.838803154460162
2022-11-14,Besançon,14.8,9.44025824988044
2022-11-15,Besançon,12.7,12.250502458626894
2022-11-16,Besançon,12.4,11.35461293610649
2022-11-17,Besançon,9.0,10.386929797631623
2022-11-18,Besançon,7.9,10.029978819177176
2022-11-19,Besançon,7.8,8.587913814423299
2022-11-20,Besançon,10.1,8.124515695712304
2022-11-21,Besançon,7.3,8.051832104287362
2022-11-22,Besançon,10.7,8.949821063631966
2022-11-23,Besançon,10.0,7.550950494593623
2022-11-24,Besançon,10.1,9.463635261953096
2022-11-25,Besançon,8.7,8.541516936474203
2022-11-26,Besançon,11.0,8.681743887984933
2022-11-27,Besançon,9.3,8.201959861863955
2022-11-28,Besançon,7.4,9.491192835915525
2022-11-29,Besançon,7.8,7.9624006719937945
2022-11-30,Besançon,5.4,7.081800821506814
2022-12-01,Besançon,6.0,7.1924806897480735
2022-12-02,Besançon,6.7,6.045810556035246
2022-12-03,Besançon,5.1,6.440125294970448
2022-12-04,Besançon,5.2,6.877353539133427
2022-12-05,Besançon,4.6,5.967610002427898
2022-12-06,Besançon,4.8,6.010930673918082
2022-12-07,Besançon,3.0,5.815294967460678
2022-12-08,Besançon,2.2,5.890778753333191
2022-12-09,Besançon,0.6,5.015697666652336
2022-12-10,Besançon,0.2,4.358584414164966
2022-12-11,Besançon,1.1,3.433523934160556
2022-12-12,Besançon,2.4,3.773905135809658
2022-12-13,Besançon,5.5,4.07320742943751
2022-12-14,Besançon,5.8,4.539860686912252
2022-12-15,Besançon,0.7,5.593047175239629
2022-12-16,Besançon,1.6,5.908512795609518
2022-12-17,Besançon,7.4,3.518854845633866
2022-12-18,Besançon,13.6,4.135734339009868
2022-12-19,Besançon,15.0,7.2416677284378785
2022-12-20,Besançon,11.6,9.364934570827074
2022-12-21,Besançon,11.6,9.377932648423922
2022-12-22,Besançon,12.5,7.552737582464776
2022-12-23,Besançon,11.3,7.5458147613352935
2022-12-24,Besançon,14.2,7.802179755641426
2022-12-25,Besançon,12.5,7.499589884785172
2022-12-26,Besançon,7.8,9.416565272453205
2022-12-27,Besançon,12.1,8.032414514131716
2022-12-28,Besançon,12.0,6.12461529756472
2022-12-29,Besançon,13.2,8.453805889688189
2022-12-30,Besançon,18.2,7.651304451344659
2022-10-01,Bordeaux,21.9,20.485590332004033
2022-10-02,Bordeaux,23.2,20.972093272018757
2022-10-03,Bordeaux,23.7,22.108382471114822
2022-10-04,Bordeaux,26.2,22.364165628450397
2022-10-05,Bordeaux,19.8,22.42689133150781
2022-10-06,Bordeaux,24.7,23.61326419881609
2022-10-07,Bordeaux,22.8,20.830361433154287
2022-10-08,Bordeaux,26.1,22.802302555140642
2022-10-09,Bordeaux,22.6,21.983701965099932
2022-10-10,Bordeaux,19.4,23.182667932641422
2022-10-11,Bordeaux,20.1,21.79883679563983
2022-10-12,Bordeaux,19.3,20.362086949669617
2022-10-13,Bordeaux,21.1,20.447982602929105
2022-10-14,Bordeaux,24.0,19.91981574781959
2022-10-15,Bordeaux,28.8,20.995237428902893
2022-10-16,Bordeaux,25.0,22.07843852331485
2022-10-17,Bordeaux,28.5,24.306294835452835
2022-10-18,Bordeaux,29.4,22.663389250434737
2022-10-19,Bordeaux,24.8,24.141425162406552
2022-10-20,Bordeaux,22.9,24.525700082333593
2022-10-21,Bordeaux,24.4,22.095468435120708
2022-10-22,Bordeaux,25.3,21.257686061058834
2022-10-23,Bordeaux,22.0,21.64056895627676
2022-10-24,Bordeaux,24.0,22.261390670073027
2022-10-25,Bordeaux,25.6,20.411740617118937
2022-10-26,Bordeaux,27.1,21.050211499325556
2022-10-27,Bordeaux,25.9,21.762467874681004
2022-10-28,Bordeaux,25.3,22.835601163612164
2022-10-29,Bordeaux,20.3,22.212841686070174
2022-10-30,Bordeaux,20.0,21.626401987971285
2022-10-31,Bordeaux,18.3,19.120927359448974
2022-11-01,Bordeaux,18.9,18.944972318822053
2022-11-02,Bordeaux,19.0,17.76646599269807
2022-11-03,Bordeaux,15.5,18.008776653558453
2022-11-04,Bordeaux,16.5,18.081463205450753
2022-11-05,Bordeaux,17.1,16.107016488396233
2022-11-06,Bordeaux,19.6,16.32432243639699
2022-11-07,Bordeaux,20.6,16.521258956417512
2022-11-08,Bordeaux,15.0,17.835041045505857
2022-11-09,Bordeaux,15.4,18.431518409953725
2022-11-10,Bordeaux,18.1,15.55473400949319
2022-11-11,Bordeaux,20.9,15.408278133766123
2022-11-12,Bordeaux,20.2,16.531786802248284
2022-11-13,Bordeaux,14.9,18.305466276436487
2022-11-14,Bordeaux,16.5,17.539423652936232
2022-11-15,Bordeaux,18.0,15.321008151857123
2022-11-16,Bordeaux,15.5,15.976731729593894
2022-11-17,Bordeaux,12.7,16.559500561078156
2022-11-18,Bordeaux,12.0,15.367220039843135
2022-11-19,Bordeaux,14.6,13.737565810223767
2022-11-20,Bordeaux,14.9,13.060786303886118
2022-11-21,Bordeaux,11.8,14.173627243738531
2022-11-22,Bordeaux,15.2,14.612679834367743
2022-11-23,Bordeaux,15.0,13.086214460955564
2022-11-24,Bordeaux,13.1,14.828580991874937
2022-11-25,Bordeaux,12.1,14.467586571626994
2022-11-26,Bordeaux,13.5,13.346160667335958
2022-11-27,Bordeaux,12.8,12.66200348645391
2022-11-28,Bordeaux,12.4,13.2557034767638
2022-11-29,Bordeaux,9.4,13.134250931498038
2022-11-30,Bordeaux,10.3,12.677728070155593
2022-12-01,Bordeaux,8.4,10.996171509534973
2022-12-02,Bordeaux,8.0,11.45199344242744
2022-12-03,Bordeaux,9.4,10.686546071020086
2022-12-04,Bordeaux,10.4,10.234005723897905
2022-12-05,Bordeaux,10.5,10.56083121525738
2022-12-06,Bordeaux,7.3,11.094426999358475
2022-12-07,Bordeaux,8.1,11.306011070974698
2022-12-08,Bordeaux,7.4,9.512705839223202
2022-12-09,Bordeaux,4.5,9.722852611105562
2022-12-10,Bordeaux,4.9,9.537257519715258
2022-12-11,Bordeaux,2.3,7.817217302494839
2022-12-12,Bordeaux,8.9,7.887150678462557
2022-12-13,Bordeaux,15.8,6.61696447826759
2022-12-14,Bordeaux,11.3,9.925037804611375
2022-12-15,Bordeaux,7.3,13.625206619413506
2022-12-16,Bordeaux,6.5,11.610415271413883
2022-12-17,Bordeaux,11.7,9.039934771707069
2022-12-18,Bordeaux,15.6,8.176401662933072
2022-12-19,Bordeaux,14.4,11.044567139539451
2022-12-20,Bordeaux,16.6,13.418977629939421
2022-12-21,Bordeaux,16.0,12.991453192893275
2022-12-22,Bordeaux,16.8,13.95564258283311
2022-12-23,Bordeaux,17.3,13.953727748333119
2022-12-24,Bordeaux,17.6,14.32348719031694
2022-12-25,Bordeaux,13.4,14.228090460317665
2022-12-26,Bordeaux,13.2,14.298213242903621
2022-12-27,Bordeaux,15.6,12.20667816630207
2022-12-28,Bordeaux,13.7,11.939434500135915
2022-12-29,Bordeaux,17.2,13.022244451208357
2022-12-30,Bordeaux,19.7,12.496694495040673
2022-10-01,Clermont-Ferrand,20.7,16.68465484899802
2022-10-02,Clermont-Ferrand,17.7,18.585690791462312
2022-10-03,Clermont-Ferrand,20.6,19.2707608149232
2022-10-04,Clermont-Ferrand,25.7,18.002925445765438
2022-10-05,Clermont-Ferrand,15.7,19.14160170303452
2022-10-06,Clermont-Ferrand,21.0,21.027461644404333
2022-10-07,Clermont-Ferrand,16.7,16.82434233852147
2022-10-08,Clermont-Ferrand,20.0,18.870389790670036
2022-10-09,Clermont-Ferrand,22.8,17.042715477028004
2022-10-10,Clermont-Ferrand,17.6,18.417628620514925
2022-10-11,Clermont-Ferrand,19.7,19.270244014790713
2022-10-12,Clermont-Ferrand,17.8,17.05064146263475
2022-10-13,Clermont-Ferrand,18.5,17.80162276065831
2022-10-14,Clermont-Ferrand,21.7,16.927260284626442
2022-10-15,Clermont-Ferrand,24.7,17.002486122900063
2022-10-16,Clermont-Ferrand,22.9,18.151871568018365
2022-10-17,Clermont-Ferrand,24.5,19.182828294393666
2022-10-18,Clermont-Ferrand,26.3,18.341930179627376
2022-10-19,Clermont-Ferrand,22.3,18.97049922059548
2022-10-20,Clermont-Ferrand,21.0,19.535788913197646
2022-10-21,Clermont-Ferrand,21.3,17.75558259588988
2022-10-22,Clermont-Ferrand,25.1,17.16479311081346
2022-10-23,Clermont-Ferrand,20.6,17.274199164382647
2022-10-24,Clermont-Ferrand,20.1,18.599155416519597
2022-10-25,Clermont-Ferrand,21.8,16.753272965845213
2022-10-26,Clermont-Ferrand,23.6,16.568202626363885
2022-10-27,Clermont-Ferrand,27.2,16.994471231782683
2022-10-28,Clermont-Ferrand,25.4,17.60480737764959
2022-10-29,Clermont-Ferrand,23.4,18.796008161357406
2022-10-30,Clermont-Ferrand,22.1,17.99816643399317
2022-10-31,Clermont-Ferrand,17.6,17.169891008411934
2022-11-01,Clermont-Ferrand,16.1,16.583876503573535
2022-11-02,Clermont-Ferrand,17.4,14.79485594155335
2022-11-03,Clermont-Ferrand,9.6,14.091627921283397
2022-11-04,Clermont-Ferrand,10.5,14.50271985175355
2022-11-05,Clermont-Ferrand,16.7,11.374137738342695
2022-11-06,Clermont-Ferrand,17.1,11.770226959531463
2022-11-07,Clermont-Ferrand,19.5,14.092200229615024
2022-11-08,Clermont-Ferrand,14.6,14.002733991110992
2022-11-09,Clermont-Ferrand,12.6,14.819609818551204
2022-11-10,Clermont-Ferrand,16.7,12.698309797751598
2022-11-11,Clermont-Ferrand,18.3,11.976653517864435
2022-11-12,Clermont-Ferrand,18.1,13.53971803175478
2022-11-13,Clermont-Ferrand,16.7,13.949180698361033
2022-11-14,Clermont-Ferrand,15.6,13.803835761561555
2022-11-15,Clermont-Ferrand,14.2,13.130264506580335
2022-11-16,Clermont-Ferrand,14.8,12.563831112557306
2022-11-17,Clermont-Ferrand,11.1,11.976474578033542
2022-11-18,Clermont-Ferrand,8.1,12.050632755635462
2022-11-19,Clermont-Ferrand,10.1,10.692128863447355
2022-11-20,Clermont-Ferrand,9.1,9.460908964532795
2022-11-21,Clermont-Ferrand,8.8,10.217976638745332
2022-11-22,Clermont-Ferrand,12.6,9.64959409894307
2022-11-23,Clermont-Ferrand,12.8,9.450161308189884
2022-11-24,Clermont-Ferrand,10.5,10.756356047351037
2022-11-25,Clermont-Ferrand,8.2,10.773647379129825
2022-11-26,Clermont-Ferrand,12.6,9.816251895940226
2022-11-27,Clermont-Ferrand,10.1,8.898737764550527
2022-11-28,Clermont-Ferrand,7.5,10.527509895829976
2022-11-29,Clermont-Ferrand,5.4,9.396210313424225
2022-11-30,Clermont-Ferrand,5.3,8.369879058154286
2022-12-01,Clermont-Ferrand,3.1,7.426073884005678
2022-12-02,Clermont-Ferrand,4.2,7.329699438595551
2022-12-03,Clermont-Ferrand,4.7,6.411884055592999
2022-12-04,Clermont-Ferrand,5.5,6.812805257698198
2022-12-05,Clermont-Ferrand,4.5,6.922626033682908
2022-12-06,Clermont-Ferrand,1.2,7.273122457265369
2022-12-07,Clermont-Ferrand,3.5,6.862804236209916
2022-12-08,Clermont-Ferrand,1.1,5.4180568179607835
2022-12-09,Clermont-Ferrand,-0.1,6.349190929288895
2022-12-10,Clermont-Ferrand,2.2,5.236398826350872
2022-12-11,Clermont-Ferrand,3.4,4.770088210978786
2022-12-12,Clermont-Ferrand,3.3,5.762233380343535
2022-12-13,Clermont-Ferrand,11.4,6.17228858798358
2022-12-14,Clermont-Ferrand,4.8,5.920227389408023
2022-12-15,Clermont-Ferrand,2.4,8.98667717120732
2022-12-16,Clermont-Ferrand,1.2,6.318759160110281
2022-12-17,Clermont-Ferrand,10.6,5.50857122055325
2022-12-18,Clermont-Ferrand,12.9,5.071879644886009
2022-12-19,Clermont-Ferrand,14.3,8.665686351519533
2022-12-20,Clermont-Ferrand,12.8,9.213193280728834
2022-12-21,Clermont-Ferrand,13.6,9.594892778348065
2022-12-22,Clermont-Ferrand,13.9,9.017368847464876
2022-12-23,Clermont-Ferrand,13.6,9.278152096104836
2022-12-24,Clermont-Ferrand,16.1,9.263653050299645
2022-12-25,Clermont-Ferrand,11.3,9.241971626729406
2022-12-26,Clermont-Ferrand,9.8,10.22722627962658
2022-12-27,Clermont-Ferrand,13.1,8.296293060858064
2022-12-28,Clermont-Ferrand,11.2,7.79650300275366
2022-12-29,Clermont-Ferrand,13.6,9.086601179438754
2022-12-30,Clermont-Ferrand,17.1,8.153936989132928
2022-10-01,Dijon,19.0,16.39083227315475
2022-10-02,Dijon,15.9,16.21582291603962
2022-10-03,Dijon,18.3,18.04529865921064
2022-10-04,Dijon,20.9,16.52033358337093
2022-10-05,Dijon,17.4,18.04632795913586
2022-10-06,Dijon,19.2,19.19962357415992
2022-10-07,Dijon,17.1,16.834285354660807
2022-10-08,Dijon,17.5,18.05761904801031
2022-10-09,Dijon,19.8,16.650451973386115
2022-10-10,Dijon,18.8,17.04736547373269
2022-10-11,Dijon,16.9,18.043633439340148
2022-10-12,Dijon,15.8,17.11896198524883
2022-10-13,Dijon,16.0,16.131700524371745
2022-10-14,Dijon,18.1,15.36038241907872
2022-10-15,Dijon,22.2,15.24951233031422
2022-10-16,Dijon,21.7,15.991293220407226
2022-10-17,Dijon,21.5,18.346036863662732
2022-10-18,Dijon,20.2,17.756463948827236
2022-10-19,Dijon,19.7,17.86304273419923
2022-10-20,Dijon,19.8,17.124103182380193
2022-10-21,Dijon,20.0,16.33716471737762
2022-10-22,Dijon,21.7,16.315037959109368
2022-10-23,Dijon,19.6,16.503214592984353
2022-10-24,Dijon,18.3,17.474866052763247
2022-10-25,Dijon,20.8,16.268599898117436
2022-10-26,Dijon,20.1,15.586812210195877
2022-10-27,Dijon,22.9,16.599517005734192
2022-10-28,Dijon,20.9,16.341976774467984
2022-10-29,Dijon,21.1,17.31418811307843
2022-10-30,Dijon,19.2,16.298299390656002
2022-10-31,Dijon,15.4,16.40218819126116
2022-11-01,Dijon,15.1,15.597435512156
2022-11-02,Dijon,14.3,13.32443455268737
2022-11-03,Dijon,9.4,13.216866228887696
2022-11-04,Dijon,10.7,12.81959620813138
2022-11-05,Dijon,9.9,10.02206324538456
2022-11-06,Dijon,15.3,10.865675743195954
2022-11-07,Dijon,16.5,10.514648394090266
2022-11-08,Dijon,13.2,12.979345149599942
2022-11-09,Dijon,12.2,13.560341271858697
2022-11-10,Dijon,10.1,11.484686867446795
2022-11-11,Dijon,11.2,11.11329174331086
2022-11-12,Dijon,9.8,10.073129177686594
2022-11-13,Dijon,14.8,10.348646978945057
2022-11-14,Dijon,13.0,9.789541289614593
2022-11-15,Dijon,13.2,12.532309074619555
2022-11-16,Dijon,13.4,10.893180958361306
2022-11-17,Dijon,9.8,11.088007627466478
2022-11-18,Dijon,8.4,10.85463621636217
2022-11-19,Dijon,8.1,9.324530011370173
2022-11-20,Dijon,8.5,8.67258723785189
2022-11-21,Dijon,9.1,8.273190177791559
2022-11-22,Dijon,9.6,8.365124642571079
2022-11-23,Dijon,11.3,8.735071937557013
2022-11-24,Dijon,10.2,9.116369673312448
2022-11-25,Dijon,7.0,9.575045856132318
2022-11-26,Dijon,7.9,8.866657445108597
2022-11-27,Dijon,8.8,7.29430615915518
2022-11-28,Dijon,7.7,7.705962604703261
2022-11-29,Dijon,7.4,8.03086285915197
2022-11-30,Dijon,5.9,7.305598139295629
2022-12-01,Dijon,4.9,7.08370660053388
2022-12-02,Dijon,5.1,6.313727945141753
2022-12-03,Dijon,3.4,5.846514075197142
2022-12-04,Dijon,5.1,6.062208372636864
2022-12-05,Dijon,4.6,5.008549721349587
2022-12-06,Dijon,4.9,5.911129880711977
2022-12-07,Dijon,2.5,5.662929293055143
2022-12-08,Dijon,2.0,5.621057444941744
2022-12-09,Dijon,0.4,4.457236253512088
2022-12-10,Dijon,-1.2,4.279506047688949
2022-12-11,Dijon,-1.2,3.4446248612350807
2022-12-12,Dijon,-0.6,2.7983756782181857
2022-12-13,Dijon,4.9,2.8385590045148614
2022-12-14,Dijon,2.0,3.0284428637257896
2022-12-15,Dijon,1.6,5.660640592468885
2022-12-16,Dijon,1.1,3.820970875533801
2022-12-17,Dijon,4.4,3.985139834108381
2022-12-18,Dijon,11.3,3.8418921830332486
2022-12-19,Dijon,13.0,5.801532418670032
2022-12-20,Dijon,11.9,8.310489440887363
2022-12-21,Dijon,11.5,8.741015282278191
2022-12-22,Dijon,13.4,8.070932303000795
2022-12-23,Dijon,11.9,7.782633689691426
2022-12-24,Dijon,11.8,8.583035206686985
2022-12-25,Dijon,11.0,8.05766425418679
2022-12-26,Dijon,8.5,8.085108795369568
2022-12-27,Dijon,8.9,7.602046596536528
2022-12-28,Dijon,11.4,6.8862081679218345
2022-12-29,Dijon,11.0,6.823920902738973
2022-12-30,Dijon,14.2,7.672589974985094
2022-10-01,Lille,16.2,19.401949277010964
2022-10-02,Lille,15.9,18.2855566909602
2022-10-03,Lille,18.0,17.636989807618782
2022-10-04,Lille,19.2,17.96687049192999
2022-10-05,Lille,17.2,18.509385782324387
2022-10-06,Lille,17.9,18.13701660514101
2022-10-07,Lille,15.7,17.752667706804136
2022-10-08,Lille,17.8,18.02860873559449
2022-10-09,Lille,17.5,16.891014530104183
2022-10-10,Lille,15.3,18.307678638104832
2022-10-11,Lille,16.4,17.856466097321118
2022-10-12,Lille,14.5,17.360419120633154
2022-10-13,Lille,16.3,18.06957399428528
2022-10-14,Lille,17.9,15.256670372754073
2022-10-15,Lille,17.9,15.971687741210214
2022-10-16,Lille,18.7,16.595838001122686
2022-10-17,Lille,19.0,16.416036920244927
2022-10-18,Lille,19.2,16.36560121842706
2022-10-19,Lille,19.9,16.750075548200932
2022-10-20,Lille,20.7,17.18650426358562
2022-10-21,Lille,18.7,16.740334965949277
2022-10-22,Lille,20.0,16.70944208758634
2022-10-23,Lille,17.7,15.875297628860789
2022-10-24,Lille,17.4,16.266152061848327
2022-10-25,Lille,20.1,15.179371727518792
2022-10-26,Lille,22.2,15.428514229263484
2022-10-27,Lille,21.7,16.20213294002307
2022-10-28,Lille,21.8,16.91786104170229
2022-10-29,Lille,18.2,16.862873241780356
2022-10-30,Lille,17.9,16.82739638475231
2022-10-31,Lille,17.1,15.23015885948761
2022-11-01,Lille,14.3,15.422646582074334
2022-11-02,Lille,15.1,14.512723604079437
2022-11-03,Lille,11.8,13.454855862477107
2022-11-04,Lille,11.3,13.914160961691485
2022-11-05,Lille,11.1,12.708211463922657
2022-11-06,Lille,15.2,12.831676227951297
2022-11-07,Lille,16.4,11.729251547643393
2022-11-08,Lille,14.1,13.279275432745884
2022-11-09,Lille,15.0,13.552942750510937
2022-11-10,Lille,12.5,12.628401351340194
2022-11-11,Lille,14.3,13.273313165553525
2022-11-12,Lille,12.9,12.317751048513934
2022-11-13,Lille,9.7,13.17778019464734
2022-11-14,Lille,11.8,12.99530301743014
2022-11-15,Lille,11.5,11.607533072179205
2022-11-16,Lille,12.1,11.515935787113834
2022-11-17,Lille,11.4,11.387263195566245
2022-11-18,Lille,10.3,11.259046342512253
2022-11-19,Lille,9.5,11.437214872256673
2022-11-20,Lille,8.4,11.181733376444281
2022-11-21,Lille,9.3,10.751859564140615
2022-11-22,Lille,9.5,10.43985430625208
2022-11-23,Lille,11.1,10.335586213676793
2022-11-24,Lille,11.7,10.440246804852759
2022-11-25,Lille,10.5,10.53883773565994
2022-11-26,Lille,9.1,11.15797722930705
2022-11-27,Lille,10.7,10.708387559743507
2022-11-28,Lille,6.5,9.546260885289685
2022-11-29,Lille,7.0,10.505650145271549
2022-11-30,Lille,5.9,9.067995593128305
2022-12-01,Lille,4.1,9.08286766135853
2022-12-02,Lille,3.2,8.7232939708801
2022-12-03,Lille,1.9,8.436604412770773
2022-12-04,Lille,4.1,7.5473403343031435
2022-12-05,Lille,6.4,7.042315018099121
2022-12-06,Lille,6.4,7.79579270517069
2022-12-07,Lille,4.1,8.518079909554453
2022-12-08,Lille,2.4,8.567886421291282
2022-12-09,Lille,3.4,8.081487585818106
2022-12-10,Lille,1.1,7.674043857448801
2022-12-11,Lille,0.3,7.597712929197151
2022-12-12,Lille,0.1,6.667736350895996
2022-12-13,Lille,0.2,6.633914954817417
2022-12-14,Lille,1.7,6.6401922689996145
2022-12-15,Lille,3.3,6.530994729369294
2022-12-16,Lille,-2.0,7.369954602263608
2022-12-17,Lille,3.0,7.8080718158796625
2022-12-18,Lille,9.4,5.467159720860931
2022-12-19,Lille,10.8,7.723553147022169
2022-12-20,Lille,9.5,8.825939796655941
2022-12-21,Lille,10.9,8.59542547203639
2022-12-22,Lille,13.2,8.426027528687396
2022-12-23,Lille,11.4,8.5684727121195
2022-12-24,Lille,10.2,9.334993195097628
2022-12-25,Lille,10.2,8.476302197167104
2022-12-26,Lille,8.0,8.163981152072159
2022-12-27,Lille,11.1,8.76761913482276
2022-12-28,Lille,11.3,7.771214037998998
2022-12-29,Lille,13.1,8.577923974460987
2022-12-30,Lille,16.5,8.654354582332347
2022-10-01,Limoges,20.2,17.72871217892205
2022-10-02,Limoges,20.7,19.357751607750167
2022-10-03,Limoges,20.9,19.83853319653799
2022-10-04,Limoges,23.0,20.060071376312433
2022-10-05,Limoges,18.1,20.100491969344063
2022-10-06,Limoges,21.3,20.876499361423075
2022-10-07,Limoges,19.1,18.481173760609938
2022-10-08,Limoges,21.8,19.89501591204397
2022-10-09,Limoges,21.5,18.80358296744964
2022-10-10,Limoges,17.6,20.024190958206738
2022-10-11,Limoges,19.2,19.665853649669508
2022-10-12,Limoges,15.5,17.773771182447195
2022-10-13,Limoges,18.3,18.476540182588913
2022-10-14,Limoges,19.7,16.694999894161775
2022-10-15,Limoges,24.5,17.763444205909202
2022-10-16,Limoges,21.7,18.30861862231691
2022-10-17,Limoges,25.6,20.414844121266697
2022-10-18,Limoges,25.3,18.978570955251968
2022-10-19,Limoges,22.9,20.712632302592045
2022-10-20,Limoges,20.8,20.467736239902166
2022-10-21,Limoges,21.7,19.253172032213435
2022-10-22,Limoges,22.7,18.231918368479324
2022-10-23,Limoges,19.1,18.592443143052687
2022-10-24,Limoges,21.7,18.868011150467808
2022-10-25,Limoges,22.9,17.226928148967282
2022-10-26,Limoges,24.8,18.388464891799444
2022-10-27,Limoges,25.1,18.780505296463705
2022-10-28,Limoges,24.8,19.456715143717062
2022-10-29,Limoges,20.2,19.415522610046686
2022-10-30,Limoges,22.4,19.232532023921234
2022-10-31,Limoges,16.0,17.116635751764072
2022-11-01,Limoges,15.9,18.046805089910116
2022-11-02,Limoges,14.7,15.128048222936073
2022-11-03,Limoges,11.4,15.003371522744501
2022-11-04,Limoges,11.7,14.371585796576483
2022-11-05,Limoges,12.6,12.842045622575554
2022-11-06,Limoges,16.6,13.029169481370332
2022-11-07,Limoges,18.8,13.290077607749634
2022-11-08,Limoges,14.2,14.84801626446972
2022-11-09,Limoges,13.1,15.73102692173532
2022-11-10,Limoges,19.8,13.57158841322414
2022-11-11,Limoges,20.0,13.122914100286147
2022-11-12,Limoges,19.2,16.106339391365402
2022-11-13,Limoges,14.5,15.989058435302033
2022-11-14,Limoges,13.8,15.634757231579636
2022-11-15,Limoges,13.6,13.310435208559753
2022-11-16,Limoges,12.6,12.90959714273785
2022-11-17,Limoges,11.1,12.751809776533793
2022-11-18,Limoges,8.8,12.231100729542682
2022-11-19,Limoges,8.1,11.56774888448759
2022-11-20,Limoges,9.7,10.51193826551756
2022-11-21,Limoges,9.0,10.160076993025836
2022-11-22,Limoges,11.6,10.726982568535618
2022-11-23,Limoges,11.2,10.30069770348998
2022-11-24,Limoges,11.2,11.346613000045206
2022-11-25,Limoges,10.4,11.105695671486629
2022-11-26,Limoges,12.4,11.109401717417748
2022-11-27,Limoges,10.7,10.720806319508332
2022-11-28,Limoges,7.8,11.515476944476614
2022-11-29,Limoges,8.5,10.606444185672423
2022-11-30,Limoges,7.2,9.303237022741559
2022-12-01,Limoges,5.5,9.594017905595955
2022-12-02,Limoges,8.6,8.863049868482083
2022-12-03,Limoges,6.4,8.040150262256416
2022-12-04,Limoges,7.6,9.448243558954943
2022-12-05,Limoges,8.2,8.373342342797331
2022-12-06,Limoges,4.9,8.92237437071225
2022-12-07,Limoges,7.0,9.207236818986436
2022-12-08,Limoges,4.6,7.589136339340236
2022-12-09,Limoges,0.7,8.556340129449854
2022-12-10,Limoges,3.3,7.313236143267325
2022-12-11,Limoges,5.1,5.596431980785182
2022-12-12,Limoges,4.8,6.780327009392735
2022-12-13,Limoges,10.7,7.5475630791538215
2022-12-14,Limoges,8.0,7.225593346072447
2022-12-15,Limoges,4.0,9.702452146292902
2022-12-16,Limoges,4.8,8.471871385124626
2022-12-17,Limoges,9.5,6.745227080324863
2022-12-18,Limoges,14.6,7.141325446898589
2022-12-19,Limoges,14.9,9.206507330500928
2022-12-20,Limoges,11.9,11.215950674321244
2022-12-21,Limoges,12.8,11.223966805963217
2022-12-22,Limoges,13.6,9.841229940599375
2022-12-23,Limoges,13.2,10.191724593922485
2022-12-24,Limoges,14.8,10.478560156541233
2022-12-25,Limoges,10.9,10.317370549545688
2022-12-26,Limoges,10.0,11.050029792222062
2022-12-27,Limoges,12.5,9.273149852296767
2022-12-28,Limoges,10.6,8.872029000212367
2022-12-29,Limoges,12.5,9.944761553271292
2022-12-30,Limoges,15.6,9.013161044388832
2022-10-01,Lyon,23.4,17.173085034780655
2022-10-02,Lyon,18.8,16.690726721019438
2022-10-03,Lyon,19.8,21.286390894268074
2022-10-04,Lyon,22.2,18.85294649585838
2022-10-05,Lyon,19.8,19.28492911783283
2022-10-06,Lyon,21.8,20.394618523175197
2022-10-07,Lyon,18.1,19.05169837493721
2022-10-08,Lyon,19.4,19.966897850265283
2022-10-09,Lyon,22.2,17.961400766381633
2022-10-10,Lyon,20.1,18.58574305817433
2022-10-11,Lyon,19.7,19.84070173186662
2022-10-12,Lyon,19.2,18.70114303759081
2022-10-13,Lyon,18.1,18.36348967984832
2022-10-14,Lyon,23.5,18.02280656059286
2022-10-15,Lyon,23.0,17.327414489535784
2022-10-16,Lyon,24.0,19.95067039171232
2022-10-17,Lyon,24.3,19.557081342061526
2022-10-18,Lyon,23.5,19.94245725584725
2022-10-19,Lyon,22.1,20.023548759609334
2022-10-20,Lyon,20.3,19.554142219918106
2022-10-21,Lyon,21.9,18.664545965917874
2022-10-22,Lyon,22.7,17.6680395402934
2022-10-23,Lyon,21.1,18.403843176107607
2022-10-24,Lyon,19.8,18.66591045664495
2022-10-25,Lyon,23.0,17.79457088398858
2022-10-26,Lyon,23.3,17.082822813156582
2022-10-27,Lyon,23.6,18.547409901769857
2022-10-28,Lyon,24.4,18.585000415843627
2022-10-29,Lyon,23.4,18.6170593993172
2022-10-30,Lyon,21.1,18.960202858920518
2022-10-31,Lyon,18.0,18.361574852266216
2022-11-01,Lyon,16.7,17.11182994230451
2022-11-02,Lyon,16.2,15.472607175082633
2022-11-03,Lyon,13.2,14.776514232244779
2022-11-04,Lyon,10.8,14.427057548386827
2022-11-05,Lyon,15.1,12.832941706691686
2022-11-06,Lyon,16.8,11.550205779038125
2022-11-07,Lyon,17.3,13.67095257386211
2022-11-08,Lyon,15.4,14.403479748688696
2022-11-09,Lyon,13.5,14.47146562430273
2022-11-10,Lyon,15.2,13.403450295063125
2022-11-11,Lyon,15.0,12.438696156355649
2022-11-12,Lyon,11.4,13.216177547089051
2022-11-13,Lyon,16.6,13.026192901606683
2022-11-14,Lyon,15.3,11.111426008477187
2022-11-15,Lyon,15.5,13.594967572944732
2022-11-16,Lyon,15.9,12.846634714410175
2022-11-17,Lyon,11.9,12.922408809804242
2022-11-18,Lyon,9.1,12.991859422226089
2022-11-19,Lyon,10.5,10.956981956608814
2022-11-20,Lyon,9.2,9.509297168444409
2022-11-21,Lyon,10.1,10.10090096255544
2022-11-22,Lyon,8.8,9.391592293669184
2022-11-23,Lyon,12.0,9.780549410000967
2022-11-24,Lyon,10.6,9.07527326865112
2022-11-25,Lyon,8.8,10.591387545787
2022-11-26,Lyon,12.2,9.812254999244587
2022-11-27,Lyon,10.1,8.83402106655258
2022-11-28,Lyon,8.7,10.497861501450993
2022-11-29,Lyon,8.8,9.308268596287004
2022-11-30,Lyon,7.4,8.545268018444425
2022-12-01,Lyon,6.0,8.524222296058738
2022-12-02,Lyon,4.5,7.7762802129960935
2022-12-03,Lyon,5.3,7.02826042397508
2022-12-04,Lyon,5.9,6.229691987426456
2022-12-05,Lyon,2.3,6.55416236302894
2022-12-06,Lyon,4.3,6.849405111832601
2022-12-07,Lyon,3.0,4.978270023381896
2022-12-08,Lyon,2.9,5.902486562652969
2022-12-09,Lyon,2.1,5.229297771119267
2022-12-10,Lyon,0.1,5.09635915000997
2022-12-11,Lyon,-0.1,4.680299911772385
2022-12-12,Lyon,4.3,3.6737111944561285
2022-12-13,Lyon,8.9,3.5271525735466476
2022-12-14,Lyon,6.3,5.666560299937002
2022-12-15,Lyon,2.4,7.891790635088174
2022-12-16,Lyon,-0.2,6.513976163138082
2022-12-17,Lyon,10.0,4.542550882615924
2022-12-18,Lyon,14.0,3.271927697695247
2022-12-19,Lyon,14.0,8.370966814954969
2022-12-20,Lyon,15.0,10.182539758485442
2022-12-21,Lyon,13.6,10.075509127037595
2022-12-22,Lyon,14.5,10.5804671809697
2022-12-23,Lyon,14.3,9.864719956296257
2022-12-24,Lyon,14.7,10.264630844327042
2022-12-25,Lyon,13.7,10.164356189980197
2022-12-26,Lyon,9.2,10.344341787186906
2022-12-27,Lyon,10.9,9.80091402928822
2022-12-28,Lyon,13.3,7.614296055822827
2022-12-29,Lyon,11.8,8.460540658625357
2022-12-30,Lyon,16.6,9.539825692192865
2022-10-01,Marseille,22.1,21.236715288019084
2022-10-02,Marseille,23.0,21.504954441025518
2022-10-03,Marseille,20.7,22.667767911725687
2022-10-04,Marseille,21.4,22.908249365704332
2022-10-05,Marseille,21.5,21.9641151318031
2022-10-06,Marseille,21.9,22.121640931919835
2022-10-07,Marseille,21.1,22.061767555790784
2022-10-08,Marseille,20.7,22.116504022870295
2022-10-09,Marseille,20.7,21.731469688353595
2022-10-10,Marseille,21.5,21.498723706069683
2022-10-11,Marseille,22.5,21.39840203713313
2022-10-12,Marseille,22.1,21.60865415473102
2022-10-13,Marseille,22.7,21.87945431495237
2022-10-14,Marseille,22.6,21.6187988564578
2022-10-15,Marseille,22.5,21.770570513686533
2022-10-16,Marseille,23.5,21.625575459883358
2022-10-17,Marseille,22.1,21.532299268031696
2022-10-18,Marseille,21.8,21.802961110827667
2022-10-19,Marseille,21.2,21.15833678868991
2022-10-20,Marseille,22.6,20.958379062664836
2022-10-21,Marseille,23.0,20.66091475780141
2022-10-22,Marseille,24.5,21.095951950344894
2022-10-23,Marseille,22.3,21.127075703410046
2022-10-24,Marseille,22.8,21.607400285848883
2022-10-25,Marseille,23.3,20.70449953239093
2022-10-26,Marseille,23.6,20.766636774757217
2022-10-27,Marseille,22.4,20.870831386938534
2022-10-28,Marseille,23.2,20.85677244098897
2022-10-29,Marseille,22.4,20.299477117389884
2022-10-30,Marseille,21.3,20.497012952461997
2022-10-31,Marseille,21.6,20.13805764940537
2022-11-01,Marseille,19.9,19.639915125438357
2022-11-02,Marseille,18.7,19.661001287694244
2022-11-03,Marseille,16.2,18.898935219058487
2022-11-04,Marseille,15.1,18.347379320447807
2022-11-05,Marseille,17.9,17.334662419807426
2022-11-06,Marseille,17.9,16.83134058325608
2022-11-07,Marseille,19.0,17.738248058658105
2022-11-08,Marseille,19.6,17.671663504920755
2022-11-09,Marseille,18.6,18.023788230588455
2022-11-10,Marseille,20.6,18.16172960179721
2022-11-11,Marseille,20.8,17.66502487077456
2022-11-12,Marseille,19.3,18.319641139920645
2022-11-13,Marseille,17.2,18.283204930892914
2022-11-14,Marseille,17.7,17.653041767478133
2022-11-15,Marseille,17.2,16.80767486901628
2022-11-16,Marseille,17.7,16.91130233774599
2022-11-17,Marseille,14.9,16.621657236631524
2022-11-18,Marseille,13.5,16.70118340504849
2022-11-19,Marseille,12.8,15.597292868871875
2022-11-20,Marseille,14.1,14.9700210225284
2022-11-21,Marseille,13.0,14.622333878754482
2022-11-22,Marseille,14.7,15.017946293207514
2022-11-23,Marseille,14.1,14.53680829841998
2022-11-24,Marseille,15.5,15.05801497067941
2022-11-25,Marseille,14.9,14.7721919948069
2022-11-26,Marseille,15.3,15.205455405311334
2022-11-27,Marseille,12.7,14.894879174569287
2022-11-28,Marseille,10.6,14.95814395570184
2022-11-29,Marseille,13.1,13.936743557459588
2022-11-30,Marseille,11.8,13.069065325613483
2022-12-01,Marseille,12.4,13.882228212048194
2022-12-02,Marseille,11.7,13.376111765740855
2022-12-03,Marseille,13.9,13.500786639836914
2022-12-04,Marseille,13.8,13.194877064004304
2022-12-05,Marseille,13.9,13.924771029988483
2022-12-06,Marseille,8.8,13.78600261063772
2022-12-07,Marseille,11.5,13.74128461095534
2022-12-08,Marseille,14.7,11.797642136862013
2022-12-09,Marseille,11.7,12.712446277318008
2022-12-10,Marseille,7.1,13.892802949994516
2022-12-11,Marseille,8.8,12.640031166875273
2022-12-12,Marseille,10.2,10.883752434075106
2022-12-13,Marseille,11.6,11.463638325801302
2022-12-14,Marseille,14.7,11.954015315898989
2022-12-15,Marseille,10.2,12.422463643093993
2022-12-16,Marseille,9.5,13.488710610944036
2022-12-17,Marseille,13.6,11.745502476084518
2022-12-18,Marseille,14.5,11.393538388791248
2022-12-19,Marseille,15.3,12.88090211686669
2022-12-20,Marseille,16.2,13.227560183870281
2022-12-21,Marseille,14.5,13.493770902829931
2022-12-22,Marseille,17.4,13.733800222598989
2022-12-23,Marseille,16.6,13.05559678258474
2022-12-24,Marseille,15.8,14.107293770808026
2022-12-25,Marseille,16.2,13.731889433548478
2022-12-26,Marseille,14.0,13.389986349943642
2022-12-27,Marseille,14.4,13.513189371821621
2022-12-28,Marseille,14.4,12.63866218945016
2022-12-29,Marseille,14.2,12.718423775150006
2022-12-30,Marseille,15.8,12.729867479898854
2022-10-01,Metz,16.1,17.589472280169346
2022-10-02,Metz,15.3,16.887058775783697
2022-10-03,Metz,17.7,16.89070358186763
2022-10-04,Metz,22.1,16.710474294505065
2022-10-05,Metz,16.7,18.15310717379024
2022-10-06,Metz,16.1,19.60648480314512
2022-10-07,Metz,15.6,16.963316850979915
2022-10-08,Metz,17.2,17.032152045930854
2022-10-09,Metz,20.9,16.35036447110082
2022-10-10,Metz,15.8,17.2596257568308
2022-10-11,Metz,16.3,18.995432635386845
2022-10-12,Metz,16.1,15.986818028366894
2022-10-13,Metz,15.6,16.654148055159375
2022-10-14,Metz,18.5,16.03881957201358
2022-10-15,Metz,19.4,15.233151006346246
2022-10-16,Metz,21.8,16.263889940216135
2022-10-17,Metz,19.2,16.617747710691415
2022-10-18,Metz,19.1,17.627353957024546
2022-10-19,Metz,17.4,16.439170787799444
2022-10-20,Metz,18.8,16.467224505856368
2022-10-21,Metz,19.2,15.418734020575945
2022-10-22,Metz,21.0,15.683573082120574
2022-10-23,Metz,18.6,16.091100008918858
2022-10-24,Metz,17.5,17.004803590759273
2022-10-25,Metz,19.5,15.463900939632767
2022-10-26,Metz,21.3,14.970024731347852
2022-10-27,Metz,23.1,16.08558236966952
2022-10-28,Metz,21.3,17.037653665920367
2022-10-29,Metz,20.9,17.237942063426367
2022-10-30,Metz,19.1,16.53589020731439
2022-10-31,Metz,16.9,16.2415808545529
2022-11-01,Metz,14.4,15.552853492817365
2022-11-02,Metz,13.9,14.117654785258733
2022-11-03,Metz,10.0,12.948958656161478
2022-11-04,Metz,9.6,12.605766519367286
2022-11-05,Metz,10.9,10.698099907987823
2022-11-06,Metz,13.8,10.752583621507696
2022-11-07,Metz,16.6,11.294361343848639
2022-11-08,Metz,13.4,11.964071946073277
2022-11-09,Metz,12.1,13.54525420261708
2022-11-10,Metz,9.6,11.666009743018487
2022-11-11,Metz,9.4,11.338228157100993
2022-11-12,Metz,12.2,10.24998416147416
2022-11-13,Metz,11.5,10.091508734777689
2022-11-14,Metz,12.6,11.454892919586687
2022-11-15,Metz,12.4,11.16598347498672
2022-11-16,Metz,11.5,10.959476538739077
2022-11-17,Metz,9.3,10.619750110090585
2022-11-18,Metz,8.7,10.034230265825645
2022-11-19,Metz,8.3,9.1799004556282
2022-11-20,Metz,8.6,8.934749892711377
2022-11-21,Metz,7.8,8.681912738528828
2022-11-22,Metz,9.2,8.66463348117433
2022-11-23,Metz,10.3,8.18491736240355
2022-11-24,Metz,9.8,9.102058440236943
2022-11-25,Metz,7.5,9.23815121832322
2022-11-26,Metz,7.6,9.001603348644831
2022-11-27,Metz,8.0,7.981938188892833
2022-11-28,Metz,8.5,8.07917817210576
2022-11-29,Metz,8.0,7.862429634855644
2022-11-30,Metz,5.7,7.883048703639508
2022-12-01,Metz,3.1,7.689827468469664
2022-12-02,Metz,2.9,6.627282961735368
2022-12-03,Metz,2.8,5.7087117490624255
2022-12-04,Metz,4.9,5.352272982167202
2022-12-05,Metz,4.1,5.245639640508507
2022-12-06,Metz,3.5,6.240181799484219
2022-12-07,Metz,3.2,5.766298793227632
2022-12-08,Metz,2.5,5.64271515945482
2022-12-09,Metz,1.5,5.230012409103757
2022-12-10,Metz,0.1,5.267915505209366
2022-12-11,Metz,-0.7,4.6484193459050225
2022-12-12,Metz,-0.5,3.8753355158200087
2022-12-13,Metz,-1.1,3.7064059136994434
2022-12-14,Metz,0.4,3.7171960641944217
2022-12-15,Metz,0.6,3.0740591237421597
2022-12-16,Metz,-0.8,4.060731238200873
2022-12-17,Metz,2.9,4.261268762628948
2022-12-18,Metz,8.8,3.9169546910239994
2022-12-19,Metz,12.6,5.588994217355321
2022-12-20,Metz,10.9,7.326623102326913
2022-12-21,Metz,11.2,8.658489756147038
2022-12-22,Metz,13.2,7.526253010722536
2022-12-23,Metz,10.7,7.565881707251183
2022-12-24,Metz,12.0,8.463751735015597
2022-12-25,Metz,11.6,7.26067999957978
2022-12-26,Metz,7.1,8.013845655222593
2022-12-27,Metz,10.6,8.072510319360052
2022-12-28,Metz,11.1,6.136054638035478
2022-12-29,Metz,12.8,7.735253444079174
2022-12-30,Metz,15.7,7.543955769751996
2022-10-01,Montpellier,28.1,22.28970651859207
2022-10-02,Montpellier,26.2,23.523484253732406
2022-10-03,Montpellier,24.5,25.82893554700753
2022-10-04,Montpellier,21.1,24.886277228783154
2022-10-05,Montpellier,25.1,24.066664897228648
2022-10-06,Montpellier,22.6,22.474804212467866
2022-10-07,Montpellier,21.4,24.115035867652338
2022-10-08,Montpellier,21.4,22.932387702963602
2022-10-09,Montpellier,22.6,22.232823475644608
2022-10-10,Montpellier,22.8,22.16272748145697
2022-10-11,Montpellier,23.5,22.5834123507449
2022-10-12,Montpellier,22.6,22.650232667212695
2022-10-13,Montpellier,23.5,22.765422122180148
2022-10-14,Montpellier,23.3,22.364541210524308
2022-10-15,Montpellier,21.9,22.481583641410168
2022-10-16,Montpellier,22.6,22.43632323444396
2022-10-17,Montpellier,22.3,21.497750620360343
2022-10-18,Montpellier,22.0,21.734010753593264
2022-10-19,Montpellier,20.6,21.536862056089355
2022-10-20,Montpellier,22.5,21.31896918974554
2022-10-21,Montpellier,22.4,20.467287343151796
2022-10-22,Montpellier,22.3,21.22260652747887
2022-10-23,Montpellier,23.4,21.166688146953206
2022-10-24,Montpellier,22.5,20.923688395142328
2022-10-25,Montpellier,23.4,21.3418367916531
2022-10-26,Montpellier,22.7,20.95924481916551
2022-10-27,Montpellier,22.1,21.136566208179133
2022-10-28,Montpellier,22.3,20.784382017743532
2022-10-29,Montpellier,21.8,20.442246012815904
2022-10-30,Montpellier,21.1,20.51798328374496
2022-10-31,Montpellier,22.7,20.092695783186826
2022-11-01,Montpellier,20.5,19.634561666794653
2022-11-02,Montpellier,16.4,20.29830727871211
2022-11-03,Montpellier,15.2,19.334892720267618
2022-11-04,Montpellier,16.8,17.483614746092535
2022-11-05,Montpellier,16.9,16.892299101698544
2022-11-06,Montpellier,18.4,17.53393081424292
2022-11-07,Montpellier,19.3,17.569365097746676
2022-11-08,Montpellier,19.4,18.126255675119207
2022-11-09,Montpellier,19.2,18.25105045607242
2022-11-10,Montpellier,19.6,18.03187540016983
2022-11-11,Montpellier,19.5,17.981990460514787
2022-11-12,Montpellier,17.7,18.043113926564068
2022-11-13,Montpellier,16.4,17.952462044107754
2022-11-14,Montpellier,18.6,17.115025609229576
2022-11-15,Montpellier,18.0,16.274938152764243
2022-11-16,Montpellier,18.0,17.183385523812696
2022-11-17,Montpellier,16.0,16.97134433111826
2022-11-18,Montpellier,15.4,16.821926412593005
2022-11-19,Montpellier,14.8,15.893277983818322
2022-11-20,Montpellier,10.8,15.586991832675253
2022-11-21,Montpellier,13.0,15.264371375214477
2022-11-22,Montpellier,14.6,13.426773390981822
2022-11-23,Montpellier,15.3,14.234564762956982
2022-11-24,Montpellier,16.7,14.856894596103867
2022-11-25,Montpellier,15.5,15.115550897607307
2022-11-26,Montpellier,13.7,15.703370550741807
2022-11-27,Montpellier,13.7,15.089798103655768
2022-11-28,Montpellier,14.1,14.290862103677826
2022-11-29,Montpellier,13.0,14.149864750017061
2022-11-30,Montpellier,11.9,14.281267619282549
2022-12-01,Montpellier,9.7,13.775896862110814
2022-12-02,Montpellier,8.0,13.136548404124582
2022-12-03,Montpellier,11.2,12.159387659868493
2022-12-04,Montpellier,10.7,11.249407917852295
2022-12-05,Montpellier,11.3,12.70634466668671
2022-12-06,Montpellier,10.4,12.480798465190196
2022-12-07,Montpellier,6.9,12.60267511252524
2022-12-08,Montpellier,13.4,12.174626841423454
2022-12-09,Montpellier,10.4,10.59053326054729
2022-12-10,Montpellier,7.0,13.25559099970397
2022-12-11,Montpellier,6.7,12.038503296895247
2022-12-12,Montpellier,7.4,10.600270561816544
2022-12-13,Montpellier,12.7,10.42500918288691
2022-12-14,Montpellier,11.0,10.483559360850354
2022-12-15,Montpellier,11.7,12.606133651104154
2022-12-16,Montpellier,9.2,11.838352424481503
2022-12-17,Montpellier,12.4,12.126957612865834
2022-12-18,Montpellier,15.7,11.17370281101281
2022-12-19,Montpellier,15.6,12.536944414460121
2022-12-20,Montpellier,17.2,13.505747787836327
2022-12-21,Montpellier,15.3,13.352044350470903
2022-12-22,Montpellier,19.5,14.14871973122951
2022-12-23,Montpellier,18.5,13.272208885817157
2022-12-24,Montpellier,15.4,15.01464848570376
2022-12-25,Montpellier,16.0,14.638039170392064
2022-12-26,Montpellier,15.2,13.261683335763966
2022-12-27,Montpellier,11.9,13.352386705559478
2022-12-28,Montpellier,14.2,13.100853469153396
2022-12-29,Montpellier,12.9,11.696344218426404
2022-12-30,Montpellier,15.4,12.522467870052452
2022-10-01,Nantes,20.4,19.133342504165785
2022-10-02,Nantes,19.2,19.368002384271282
2022-10-03,Nantes,20.3,20.20488933962292
2022-10-04,Nantes,20.1,19.60233467114523
2022-10-05,Nantes,18.5,19.9615575200942
2022-10-06,Nantes,19.2,19.805400097455856
2022-10-07,Nantes,19.4,19.17166348743182
2022-10-08,Nantes,21.6,19.656480527208277
2022-10-09,Nantes,21.4,19.529967228139338
2022-10-10,Nantes,20.2,20.635386511526477
2022-10-11,Nantes,20.2,19.950356622681458
2022-10-12,Nantes,18.5,19.42027687802795
2022-10-13,Nantes,18.6,19.484203178488706
2022-10-14,Nantes,18.6,18.235593690249146
2022-10-15,Nantes,22.8,18.071912682350398
2022-10-16,Nantes,20.5,17.97896621241641
2022-10-17,Nantes,23.7,20.208709393997086
2022-10-18,Nantes,25.2,18.873277148998557
2022-10-19,Nantes,21.0,20.52413863311453
2022-10-20,Nantes,20.8,21.011069511769527
2022-10-21,Nantes,20.9,18.793583633856688
2022-10-22,Nantes,21.7,18.628071428208052
2022-10-23,Nantes,17.3,18.712262791547317
2022-10-24,Nantes,19.2,18.952809387862217
2022-10-25,Nantes,21.7,16.59706634890413
2022-10-26,Nantes,23.8,17.74208117876696
2022-10-27,Nantes,20.6,18.71841305456764
2022-10-28,Nantes,23.3,19.747148697510678
2022-10-29,Nantes,17.6,17.895818358752987
2022-10-30,Nantes,19.2,19.333561078669366
2022-10-31,Nantes,17.6,16.439656861075704
2022-11-01,Nantes,17.0,17.31219732582611
2022-11-02,Nantes,15.2,16.16096079871669
2022-11-03,Nantes,14.6,16.075683438442894
2022-11-04,Nantes,14.8,14.926624873376644
2022-11-05,Nantes,15.8,14.743278084307843
2022-11-06,Nantes,17.1,14.983984106380593
2022-11-07,Nantes,17.4,14.848760929954015
2022-11-08,Nantes,15.4,15.433736914675569
2022-11-09,Nantes,16.6,15.555790194251344
2022-11-10,Nantes,16.2,14.699844653348077
2022-11-11,Nantes,19.0,15.456294412395359
2022-11-12,Nantes,19.3,15.16004822201684
2022-11-13,Nantes,14.0,16.228818271976223
2022-11-14,Nantes,15.2,16.52719270988768
2022-11-15,Nantes,15.1,13.45716399463606
2022-11-16,Nantes,14.0,14.043765549538922
2022-11-17,Nantes,12.7,13.942806715409736
2022-11-18,Nantes,11.9,13.354384066713271
2022-11-19,Nantes,13.0,12.825798113302126
2022-11-20,Nantes,13.0,12.537999006380321
2022-11-21,Nantes,12.2,12.75389594226947
2022-11-22,Nantes,13.4,12.652149092918128
2022-11-23,Nantes,14.8,12.144192032502723
2022-11-24,Nantes,13.3,12.621806985391771
2022-11-25,Nantes,12.5,13.29693773831383
2022-11-26,Nantes,13.9,12.668489045328622
2022-11-27,Nantes,11.9,12.279642443364157
2022-11-28,Nantes,11.9,12.545220936896937
2022-11-29,Nantes,8.3,11.679664202297584
2022-11-30,Nantes,8.0,11.915259228857142
2022-12-01,Nantes,6.4,9.940661225907412
2022-12-02,Nantes,5.3,9.68132002095709
2022-12-03,Nantes,4.6,8.949167519106338
2022-12-04,Nantes,6.9,8.227140265306717
2022-12-05,Nantes,5.9,7.792208540278814
2022-12-06,Nantes,6.5,9.185931213832465
2022-12-07,Nantes,3.0,8.46242114119283
2022-12-08,Nantes,5.0,8.793365591720708
2022-12-09,Nantes,4.9,7.012410884810503
2022-12-10,Nantes,4.1,8.045673795177127
2022-12-11,Nantes,4.4,8.207429752024762
2022-12-12,Nantes,3.6,7.447177412404514
2022-12-13,Nantes,2.9,7.781881663252907
2022-12-14,Nantes,3.4,7.312721453756719
2022-12-15,Nantes,5.0,6.567843501479951
2022-12-16,Nantes,1.4,6.805958928708526
2022-12-17,Nantes,9.2,7.800937549177727
2022-12-18,Nantes,13.3,6.019262354095368
2022-12-19,Nantes,13.7,10.093257838282316
2022-12-20,Nantes,13.3,11.24459846740849
2022-12-21,Nantes,14.0,11.370216000255704
2022-12-22,Nantes,14.3,11.222040925791033
2022-12-23,Nantes,12.2,11.179246759442112
2022-12-24,Nantes,14.7,11.379620808966267
2022-12-25,Nantes,12.0,10.39311871977278
2022-12-26,Nantes,11.2,11.769258626546852
2022-12-27,Nantes,12.7,10.616263342886198
2022-12-28,Nantes,12.1,10.239686770485228
2022-12-29,Nantes,15.3,10.546163688244551
2022-12-30,Nantes,17.1,10.44320549514785
2022-10-01,Orleans,21.3,18.992522253796764
2022-10-02,Orleans,16.4,18.888854215627976
2022-10-03,Orleans,19.1,19.763292339579458
2022-10-04,Orleans,22.5,17.714078838707962
2022-10-05,Orleans,17.8,19.31235731807279
2022-10-06,Orleans,17.5,20.492594857978883
2022-10-07,Orleans,18.0,18.37945485860793
2022-10-08,Orleans,19.1,18.248139587875087
2022-10-09,Orleans,19.0,18.43173390042373
2022-10-10,Orleans,17.8,18.889134885950636
2022-10-11,Orleans,19.2,18.25412467981615
2022-10-12,Orleans,16.2,17.49123702932857
2022-10-13,Orleans,18.7,18.479115828919383
2022-10-14,Orleans,18.6,16.523604055843204
2022-10-15,Orleans,22.7,17.257004992427014
2022-10-16,Orleans,19.8,17.073499068209514
2022-10-17,Orleans,20.6,18.993098746100195
2022-10-18,Orleans,23.3,17.37679687751897
2022-10-19,Orleans,21.4,18.079335727940776
2022-10-20,Orleans,20.1,19.097483874379435
2022-10-21,Orleans,20.7,17.895731197243364
2022-10-22,Orleans,22.1,17.32718151656927
2022-10-23,Orleans,18.5,17.780834839724175
2022-10-24,Orleans,19.4,18.01706262672104
2022-10-25,Orleans,21.8,16.33344999738825
2022-10-26,Orleans,23.8,16.98284413946515
2022-10-27,Orleans,22.8,17.726802182318547
2022-10-28,Orleans,25.0,18.446775769953035
2022-10-29,Orleans,18.8,17.75100247169893
2022-10-30,Orleans,20.8,18.918305513663928
2022-10-31,Orleans,16.5,16.146337966001322
2022-11-01,Orleans,15.7,17.018642053540557
2022-11-02,Orleans,14.7,14.806365181006601
2022-11-03,Orleans,12.0,14.547930894117775
2022-11-04,Orleans,11.3,13.901469895110761
2022-11-05,Orleans,12.8,12.80753293483079
2022-11-06,Orleans,15.2,12.71622560063357
2022-11-07,Orleans,16.6,12.811634541374957
2022-11-08,Orleans,14.8,13.642963322546244
2022-11-09,Orleans,12.2,14.280917160208597
2022-11-10,Orleans,14.8,13.462324268546535
2022-11-11,Orleans,16.6,12.514705912853625
2022-11-12,Orleans,15.2,13.691275317343361
2022-11-13,Orleans,15.1,14.27558892823849
2022-11-14,Orleans,14.0,13.56560926159934
2022-11-15,Orleans,13.6,13.372863764227482
2022-11-16,Orleans,13.7,12.662627549111853
2022-11-17,Orleans,11.1,12.334697212876689
2022-11-18,Orleans,10.4,12.255308807567573
2022-11-19,Orleans,9.2,11.314671470511751
2022-11-20,Orleans,9.7,11.211683636993778
2022-11-21,Orleans,10.6,10.537799959043499
2022-11-22,Orleans,12.7,10.382511536123078
2022-11-23,Orleans,12.3,10.773825186073612
2022-11-24,Orleans,11.8,11.714143671618551
2022-11-25,Orleans,9.1,11.29012893802669
2022-11-26,Orleans,11.2,11.17676005838843
2022-11-27,Orleans,11.0,10.102471474472367
2022-11-28,Orleans,8.2,10.607207143842412
2022-11-29,Orleans,7.4,10.437424722180515
2022-11-30,Orleans,6.6,9.224522182421735
2022-12-01,Orleans,6.0,8.655812312047281
2022-12-02,Orleans,4.7,8.181008823409936
2022-12-03,Orleans,5.4,8.084487128428565
2022-12-04,Orleans,4.7,7.422546665591383
2022-12-05,Orleans,5.0,7.8449960597457125
2022-12-06,Orleans,4.8,7.17010272538786
2022-12-07,Orleans,3.5,7.4203036887845535
2022-12-08,Orleans,2.7,7.516918238227703
2022-12-09,Orleans,2.5,6.537404880206466
2022-12-10,Orleans,1.8,6.385998991987474
2022-12-11,Orleans,1.2,6.382568421268223
2022-12-12,Orleans,2.4,6.353021786079253
2022-12-13,Orleans,0.8,5.969070928329035
2022-12-14,Orleans,2.3,6.385308292228295
2022-12-15,Orleans,3.3,5.173204520924891
2022-12-16,Orleans,0.5,5.99578010624891
2022-12-17,Orleans,5.3,6.618583618732142
2022-12-18,Orleans,11.6,5.314770953595637
2022-12-19,Orleans,12.8,7.718195787165335
2022-12-20,Orleans,12.1,9.812017021759976
2022-12-21,Orleans,13.5,9.868259124082172
2022-12-22,Orleans,14.0,9.448449817412962
2022-12-23,Orleans,11.5,9.873272776655394
2022-12-24,Orleans,14.7,10.039309561916994
2022-12-25,Orleans,11.3,8.929788492680716
2022-12-26,Orleans,8.7,10.586680802709253
2022-12-27,Orleans,11.7,9.266344166257158
2022-12-28,Orleans,11.5,8.251151954698742
2022-12-29,Orleans,14.0,9.107388140213576
2022-12-30,Orleans,16.4,9.098679872541329
2022-10-01,Paris,19.4,20.0450248654779
2022-10-02,Paris,15.8,19.471484267907343
2022-10-03,Paris,20.1,19.51303716369536
2022-10-04,Paris,21.7,17.76183847950439
2022-10-05,Paris,17.9,20.31442029318654
2022-10-06,Paris,18.6,20.099562721950143
2022-10-07,Paris,17.4,18.429650792580677
2022-10-08,Paris,18.6,19.440787919711497
2022-10-09,Paris,18.7,18.08355784424996
2022-10-10,Paris,17.0,19.34354726078652
2022-10-11,Paris,19.0,18.306400164379365
2022-10-12,Paris,15.1,17.62797779354819
2022-10-13,Paris,16.5,18.9950238157245
2022-10-14,Paris,18.9,15.944315729675052
2022-10-15,Paris,19.6,16.064911205873628
2022-10-16,Paris,19.1,17.08483587792304
2022-10-17,Paris,19.8,17.621136183215906
2022-10-18,Paris,21.9,17.067253830135694
2022-10-19,Paris,21.5,17.275785779979106
2022-10-20,Paris,20.4,18.27366114504673
2022-10-21,Paris,20.5,17.6605845378293
2022-10-22,Paris,21.2,17.135611106238173
2022-10-23,Paris,18.7,17.44602227581868
2022-10-24,Paris,18.6,17.327390203411156
2022-10-25,Paris,21.7,16.214043565371306
2022-10-26,Paris,21.6,16.38895104706237
2022-10-27,Paris,23.0,17.249477883834416
2022-10-28,Paris,24.0,17.352134501629962
2022-10-29,Paris,18.4,17.529389380557244
2022-10-30,Paris,20.6,18.05388018410664
2022-10-31,Paris,16.8,15.778898926991607
2022-11-01,Paris,15.4,17.121240370037988
2022-11-02,Paris,15.2,14.998182619824748
2022-11-03,Paris,12.1,14.436796649476609
2022-11-04,Paris,11.8,14.237652757616495
2022-11-05,Paris,12.1,13.084472736128854
2022-11-06,Paris,16.2,13.091555569026246
2022-11-07,Paris,16.4,12.396839033750286
2022-11-08,Paris,14.9,13.962157463561411
2022-11-09,Paris,13.2,14.111253087429908
2022-11-10,Paris,12.1,13.52248197224704
2022-11-11,Paris,15.7,13.289985135901645
2022-11-12,Paris,13.5,12.647219650320705
2022-11-13,Paris,14.8,14.221767160985095
2022-11-14,Paris,13.2,12.904511764080564
2022-11-15,Paris,12.9,13.588599716875695
2022-11-16,Paris,13.6,12.280893027591805
2022-11-17,Paris,11.1,12.023080015313415
2022-11-18,Paris,10.7,12.028158174303652
2022-11-19,Paris,10.1,11.330632131979701
2022-11-20,Paris,9.1,11.408225159992915
2022-11-21,Paris,10.7,10.968198653668848
2022-11-22,Paris,11.7,10.275067910937125
2022-11-23,Paris,12.9,11.061789732812823
2022-11-24,Paris,12.0,11.5139239593057
2022-11-25,Paris,9.2,11.666241183429936
2022-11-26,Paris,9.4,11.13658880551917
2022-11-27,Paris,11.1,10.316124039689722
2022-11-28,Paris,7.7,9.754607096235087
2022-11-29,Paris,7.6,10.579782191686643
2022-11-30,Paris,6.3,9.15405557804438
2022-12-01,Paris,5.6,8.71973940878588
2022-12-02,Paris,4.6,8.398468980513302
2022-12-03,Paris,4.5,8.068115321660088
2022-12-04,Paris,3.1,7.516598979007831
2022-12-05,Paris,5.7,7.8887650490132355
2022-12-06,Paris,6.0,6.921884314313926
2022-12-07,Paris,4.2,8.297296067384575
2022-12-08,Paris,2.2,8.563444884098656
2022-12-09,Paris,3.0,7.346589924324753
2022-12-10,Paris,0.7,6.450282421746586
2022-12-11,Paris,0.3,7.079331765558193
2022-12-12,Paris,1.6,6.218424129512474
2022-12-13,Paris,0.5,5.996973578682354
2022-12-14,Paris,1.4,6.606640177136537
2022-12-15,Paris,3.1,6.039086578203671
2022-12-16,Paris,0.5,6.506936530123388
2022-12-17,Paris,4.0,7.338887461755673
2022-12-18,Paris,11.1,6.027874398804009
2022-12-19,Paris,11.7,7.7788773367030295
2022-12-20,Paris,11.5,9.505708310245554
2022-12-21,Paris,13.4,8.775526503047747
2022-12-22,Paris,14.4,9.086708318962316
2022-12-23,Paris,12.2,9.317716181092852
2022-12-24,Paris,13.2,9.757135552470386
2022-12-25,Paris,12.3,8.89367316763143
2022-12-26,Paris,8.6,9.372836307588194
2022-12-27,Paris,11.5,9.762049007196524
2022-12-28,Paris,11.7,8.191951733653092
2022-12-29,Paris,14.4,8.658535077877419
2022-12-30,Paris,16.0,8.98224082304513
2022-10-01,Poitiers,20.7,19.0611961835271
2022-10-02,Poitiers,20.2,20.44059785595711
2022-10-03,Poitiers,19.9,20.157129556062742
2022-10-04,Poitiers,22.6,19.893352305171046
2022-10-05,Poitiers,18.8,19.702433572318057
2022-10-06,Poitiers,19.8,20.851069845944256
2022-10-07,Poitiers,19.4,18.95355928703726
2022-10-08,Poitiers,22.7,19.396739521905175
2022-10-09,Poitiers,21.4,19.112488280558075
2022-10-10,Poitiers,18.8,20.609119037411595
2022-10-11,Poitiers,19.3,19.76895434238427
2022-10-12,Poitiers,16.7,18.45434395923868
2022-10-13,Poitiers,19.8,18.64101956883737
2022-10-14,Poitiers,18.1,17.3091273696371
2022-10-15,Poitiers,24.3,18.620415064357452
2022-10-16,Poitiers,21.3,17.70121365404851
2022-10-17,Poitiers,24.7,20.576005152297743
2022-10-18,Poitiers,25.7,19.032623027139042
2022-10-19,Poitiers,20.2,20.601330217699527
2022-10-20,Poitiers,19.8,20.96356224643867
2022-10-21,Poitiers,21.2,18.245557081909453
2022-10-22,Poitiers,23.3,17.977439581203868
2022-10-23,Poitiers,19.0,18.598592181708636
2022-10-24,Poitiers,21.3,19.416440340345424
2022-10-25,Poitiers,22.7,17.332937351792292
2022-10-26,Poitiers,24.4,18.38483794135774
2022-10-27,Poitiers,23.8,18.921033040876697
2022-10-28,Poitiers,24.1,19.59227278005349
2022-10-29,Poitiers,17.5,19.186066930805442
2022-10-30,Poitiers,21.4,19.31530924272205
2022-10-31,Poitiers,17.1,16.094237868299235
2022-11-01,Poitiers,16.1,17.880084635971322
2022-11-02,Poitiers,14.6,15.739579731124078
2022-11-03,Poitiers,13.2,15.203352636706704
2022-11-04,Poitiers,13.9,14.38922659603303
2022-11-05,Poitiers,14.9,13.685510279358692
2022-11-06,Poitiers,16.8,13.999209435980578
2022-11-07,Poitiers,16.4,14.306858493445514
2022-11-08,Poitiers,15.0,15.076063553707533
2022-11-09,Poitiers,12.9,14.7801762263035
2022-11-10,Poitiers,17.3,14.090125093735113
2022-11-11,Poitiers,18.9,13.068200289983919
2022-11-12,Poitiers,18.6,15.099880528243737
2022-11-13,Poitiers,14.8,15.695016810154902
2022-11-14,Poitiers,14.8,15.540351440887566
2022-11-15,Poitiers,13.9,13.585547259294152
2022-11-16,Poitiers,14.0,13.494842904386704
2022-11-17,Poitiers,12.2,12.999293830237063
2022-11-18,Poitiers,10.3,12.989170342542499
2022-11-19,Poitiers,11.8,12.098347629419978
2022-11-20,Poitiers,12.2,11.165885296047929
2022-11-21,Poitiers,11.2,11.808326402954961
2022-11-22,Poitiers,12.9,11.87466016405481
2022-11-23,Poitiers,12.3,11.326776967828895
2022-11-24,Poitiers,12.8,12.024696775775421
2022-11-25,Poitiers,11.3,11.690647293702064
2022-11-26,Poitiers,12.3,11.869273490118378
2022-11-27,Poitiers,11.4,11.136848451819915
2022-11-28,Poitiers,9.8,11.494448344560153
2022-11-29,Poitiers,8.0,11.007761773882043
2022-11-30,Poitiers,7.5,10.23271846649965
2022-12-01,Poitiers,6.3,9.270240039410364
2022-12-02,Poitiers,6.1,8.986758082484322
2022-12-03,Poitiers,5.6,8.3546400647794
2022-12-04,Poitiers,7.4,8.227237947195153
2022-12-05,Poitiers,5.1,7.9336657020933785
2022-12-06,Poitiers,5.4,8.784718227821543
2022-12-07,Poitiers,3.9,7.606394500488918
2022-12-08,Poitiers,3.4,7.659128484714547
2022-12-09,Poitiers,2.2,6.951717482022879
2022-12-10,Poitiers,1.8,6.652585763433365
2022-12-11,Poitiers,4.2,6.073906103293082
2022-12-12,Poitiers,2.6,5.852831725659875
2022-12-13,Poitiers,11.8,6.95496873577463
2022-12-14,Poitiers,4.0,6.139382242980533
2022-12-15,Poitiers,3.6,10.414588498469644
2022-12-16,Poitiers,2.0,6.626766943197984
2022-12-17,Poitiers,7.3,6.462714120001561
2022-12-18,Poitiers,13.4,5.707994567767422
2022-12-19,Poitiers,13.8,8.212413649706459
2022-12-20,Poitiers,12.4,10.878021405254618
2022-12-21,Poitiers,14.0,10.958836520845182
2022-12-22,Poitiers,14.0,10.271059562152326
2022-12-23,Poitiers,12.6,10.96593962306971
2022-12-24,Poitiers,15.7,10.932608708376108
2022-12-25,Poitiers,11.7,10.27522036675566
2022-12-26,Poitiers,10.1,11.732468242278383
2022-12-27,Poitiers,12.1,9.846665938819335
2022-12-28,Poitiers,11.9,9.077677135788885
2022-12-29,Poitiers,14.4,9.95211394244177
2022-12-30,Poitiers,16.2,9.85491137722773
2022-10-01,Reims,17.2,18.54086555630434
2022-10-02,Reims,14.5,18.17464105349753
2022-10-03,Reims,18.6,17.979042322562655
2022-10-04,Reims,19.9,16.79826216269359
2022-10-05,Reims,17.2,19.112586124598668
2022-10-06,Reims,16.9,18.72189547843768
2022-10-07,Reims,15.8,17.466846504758283
2022-10-08,Reims,17.6,17.761526490030725
2022-10-09,Reims,19.8,16.899056509070277
2022-10-10,Reims,15.8,18.352862269594738
2022-10-11,Reims,17.9,18.65636560212104
2022-10-12,Reims,15.8,16.702230766795367
2022-10-13,Reims,16.0,18.27149117406979
2022-10-14,Reims,19.5,16.00314964307517
2022-10-15,Reims,18.9,15.563124497900374
2022-10-16,Reims,20.2,17.021121450231885
2022-10-17,Reims,19.4,16.667926420455956
2022-10-18,Reims,20.1,16.8056174729027
2022-10-19,Reims,20.7,16.46045755974455
2022-10-20,Reims,19.0,17.024680440616006
2022-10-21,Reims,19.4,17.007677904022973
2022-10-22,Reims,21.3,15.875737363991655
2022-10-23,Reims,18.7,16.32429415762293
2022-10-24,Reims,18.0,17.00558012281677
2022-10-25,Reims,20.3,15.709034098848502
2022-10-26,Reims,20.7,15.598683807213273
2022-10-27,Reims,22.4,16.35611177488988
2022-10-28,Reims,21.1,16.458326281433
2022-10-29,Reims,20.3,16.764852738969587
2022-10-30,Reims,19.0,16.185936580985892
2022-10-31,Reims,17.1,16.282439110376814
2022-11-01,Reims,14.5,15.649455432187812
2022-11-02,Reims,13.6,14.656846786454127
2022-11-03,Reims,10.5,13.36352348001726
2022-11-04,Reims,11.0,12.8439801101213
2022-11-05,Reims,11.1,11.699772931304363
2022-11-06,Reims,14.9,12.369031484702653
2022-11-07,Reims,16.3,11.481866762271737
2022-11-08,Reims,14.2,12.916372269400286
2022-11-09,Reims,12.8,13.67946958788307
2022-11-10,Reims,11.2,12.553171840382797
2022-11-11,Reims,14.3,12.277508885110096
2022-11-12,Reims,11.6,11.589896570741999
2022-11-13,Reims,11.9,12.909654293891979
2022-11-14,Reims,12.4,11.956721866778343
2022-11-15,Reims,12.4,12.402561319854238
2022-11-16,Reims,12.0,11.396223194481657
2022-11-17,Reims,10.2,11.288770019414107
2022-11-18,Reims,9.9,10.86900025177702
2022-11-19,Reims,8.1,10.378215587994358
2022-11-20,Reims,8.3,10.468464260643792
2022-11-21,Reims,9.1,9.52232187835136
2022-11-22,Reims,9.3,9.246975044840397
2022-11-23,Reims,11.1,9.790005808654843
2022-11-24,Reims,10.6,9.864266060251099
2022-11-25,Reims,7.4,10.186435456437462
2022-11-26,Reims,8.6,9.96167557561973
2022-11-27,Reims,9.8,8.968253101929834
2022-11-28,Reims,7.6,9.189791398363958
2022-11-29,Reims,7.9,9.284459157081667
2022-11-30,Reims,6.7,8.620292807989433
2022-12-01,Reims,4.7,8.625390796965409
2022-12-02,Reims,3.6,7.978474371938503
2022-12-03,Reims,3.8,7.1087953259206635
2022-12-04,Reims,2.2,6.679901350675909
2022-12-05,Reims,4.4,7.078191442040513
2022-12-06,Reims,3.6,5.903720728597133
2022-12-07,Reims,3.9,7.084213433067237
2022-12-08,Reims,1.1,6.794945373944625
2022-12-09,Reims,-0.1,6.609306587052121
2022-12-10,Reims,0.6,5.451815541609985
2022-12-11,Reims,0.3,5.018147989856319
2022-12-12,Reims,0.7,5.168261834337397
2022-12-13,Reims,0.2,5.4513558503502
2022-12-14,Reims,0.8,5.57983005215295
2022-12-15,Reims,0.3,5.032497418898279
2022-12-16,Reims,-1.3,5.814429633589862
2022-12-17,Reims,3.8,5.379865000006706
2022-12-18,Reims,10.3,4.625088938945387
2022-12-19,Reims,11.3,7.353079522241437
2022-12-20,Reims,11.1,8.691273187799249
2022-12-21,Reims,12.4,8.221114897413557
2022-12-22,Reims,13.9,8.056711264873146
2022-12-23,Reims,11.9,8.473996513460214
2022-12-24,Reims,13.0,9.122670106972992
2022-12-25,Reims,12.2,8.24872369529766
2022-12-26,Reims,7.9,8.880113490371816
2022-12-27,Reims,10.7,9.223467762313442
2022-12-28,Reims,11.2,7.276004317690772
2022-12-29,Reims,13.2,7.935715386540338
2022-12-30,Reims,15.6,8.231994379302291
2022-10-01,Rennes,20.4,19.255717089666803
2022-10-02,Rennes,19.6,19.784413210166633
2022-10-03,Rennes,18.9,19.74741530125845
2022-10-04,Rennes,19.4,19.166564165658485
2022-10-05,Rennes,17.9,19.15777430821412
2022-10-06,Rennes,18.7,19.103158791978945
2022-10-07,Rennes,18.4,19.00666879073965
2022-10-08,Rennes,19.7,19.42944773800965
2022-10-09,Rennes,19.0,18.709520186089847
2022-10-10,Rennes,19.1,19.543537889484284
2022-10-11,Rennes,19.6,18.67401278579104
2022-10-12,Rennes,16.6,19.060206465206324
2022-10-13,Rennes,18.7,19.313718724544287
2022-10-14,Rennes,18.1,16.93834139049148
2022-10-15,Rennes,20.4,17.844490694862667
2022-10-16,Rennes,18.9,17.44812575763148
2022-10-17,Rennes,21.2,18.710354481200074
2022-10-18,Rennes,23.6,17.598096690654142
2022-10-19,Rennes,20.3,18.860283680724123
2022-10-20,Rennes,20.2,19.526047478891808
2022-10-21,Rennes,19.8,17.968043638163735
2022-10-22,Rennes,19.3,17.870796766116502
2022-10-23,Rennes,16.9,17.816703194165754
2022-10-24,Rennes,18.9,17.133969774289422
2022-10-25,Rennes,20.0,16.123210217660752
2022-10-26,Rennes,23.3,17.189722940659895
2022-10-27,Rennes,19.3,17.27306434778336
2022-10-28,Rennes,23.7,18.86695524080579
2022-10-29,Rennes,17.0,16.697181967091424
2022-10-30,Rennes,18.1,18.856647226410168
2022-10-31,Rennes,16.6,15.807512459647228
2022-11-01,Rennes,16.0,16.469640181485868
2022-11-02,Rennes,14.4,15.47266109492496
2022-11-03,Rennes,14.1,15.445351799477962
2022-11-04,Rennes,13.7,14.186549136379893
2022-11-05,Rennes,15.5,14.328261942645902
2022-11-06,Rennes,16.7,14.433145820355026
2022-11-07,Rennes,16.1,14.274399431568895
2022-11-08,Rennes,15.3,14.779666698690937
2022-11-09,Rennes,16.1,14.515758320563393
2022-11-10,Rennes,13.4,14.431325405149405
2022-11-11,Rennes,17.3,15.098938619048887
2022-11-12,Rennes,17.1,13.518639262861505
2022-11-13,Rennes,14.1,15.146150993966511
2022-11-14,Rennes,14.4,14.992146683735463
2022-11-15,Rennes,14.5,13.470937981743896
2022-11-16,Rennes,13.3,13.37798372242888
2022-11-17,Rennes,12.1,13.478753751756386
2022-11-18,Rennes,11.2,12.842074525180859
2022-11-19,Rennes,12.4,12.572314417118333
2022-11-20,Rennes,11.6,12.246203557513729
2022-11-21,Rennes,12.0,12.57713865796882
2022-11-22,Rennes,13.1,12.008300093578818
2022-11-23,Rennes,13.8,12.08489278202966
2022-11-24,Rennes,13.0,12.254361323409153
2022-11-25,Rennes,12.1,12.782569125487418
2022-11-26,Rennes,13.0,12.555264200109042
2022-11-27,Rennes,10.9,12.108536983447191
2022-11-28,Rennes,11.4,11.742417313258525
2022-11-29,Rennes,7.6,11.216364674179909
2022-11-30,Rennes,8.4,11.745212568040744
2022-12-01,Rennes,6.5,9.812782580671215
2022-12-02,Rennes,5.0,10.356962296161306
2022-12-03,Rennes,4.6,9.543439878733448
2022-12-04,Rennes,6.0,8.429482504441943
2022-12-05,Rennes,6.4,7.994325126768681
2022-12-06,Rennes,6.6,8.851049381317765
2022-12-07,Rennes,4.7,9.209310269991244
2022-12-08,Rennes,4.8,9.282906513843752
2022-12-09,Rennes,4.2,8.518355142834753
2022-12-10,Rennes,1.7,8.57109406675773
2022-12-11,Rennes,2.5,8.448533301020598
2022-12-12,Rennes,2.1,6.830137346962307
2022-12-13,Rennes,1.9,7.246087612449962
2022-12-14,Rennes,4.0,7.046870461459676
2022-12-15,Rennes,5.9,6.40241747621193
2022-12-16,Rennes,1.0,7.405424609656453
2022-12-17,Rennes,7.8,8.743550633224029
2022-12-18,Rennes,13.9,6.406904911580353
2022-12-19,Rennes,12.6,9.799924915236168
2022-12-20,Rennes,13.0,11.243341558625765
2022-12-21,Rennes,14.5,10.548667498820564
2022-12-22,Rennes,14.6,10.756759732460715
2022-12-23,Rennes,11.7,10.92569813786576
2022-12-24,Rennes,13.3,11.095088250703027
2022-12-25,Rennes,10.5,9.696670797212683
2022-12-26,Rennes,10.8,10.568942598416047
2022-12-27,Rennes,12.0,9.830255983999736
2022-12-28,Rennes,11.3,10.122068311343991
2022-12-29,Rennes,14.1,9.722823999315594
2022-12-30,Rennes,16.9,9.912221266365604
2022-10-01,Rouen,16.4,19.15108314916942
2022-10-02,Rouen,14.9,17.90550459876919
2022-10-03,Rouen,18.6,17.70574802177476
2022-10-04,Rouen,20.2,17.223240255123706
2022-10-05,Rouen,16.5,18.97530888111931
2022-10-06,Rouen,17.2,18.725174753553578
2022-10-07,Rouen,16.0,17.497726645005134
2022-10-08,Rouen,17.2,18.544644688872182
2022-10-09,Rouen,19.4,17.198986955772025
2022-10-10,Rouen,15.8,18.463210284203598
2022-10-11,Rouen,17.8,18.640914992212544
2022-10-12,Rouen,15.0,17.22986054817441
2022-10-13,Rouen,14.4,18.899778079210016
2022-10-14,Rouen,17.8,15.690307217041957
2022-10-15,Rouen,16.8,14.772741961453102
2022-10-16,Rouen,17.8,16.438295442244463
2022-10-17,Rouen,20.0,16.22267220782727
2022-10-18,Rouen,20.5,15.855215277174558
2022-10-19,Rouen,19.9,17.26517971806878
2022-10-20,Rouen,19.6,17.07336947028045
2022-10-21,Rouen,18.9,16.496589308276718
2022-10-22,Rouen,20.1,16.37077285863141
2022-10-23,Rouen,17.2,16.474820337312156
2022-10-24,Rouen,18.2,16.2419020700448
2022-10-25,Rouen,19.7,14.946366592113298
2022-10-26,Rouen,21.0,15.996443284607839
2022-10-27,Rouen,20.4,15.97870598327106
2022-10-28,Rouen,22.3,16.719033640094622
2022-10-29,Rouen,15.3,16.090833930698647
2022-10-30,Rouen,18.2,16.814992442773217
2022-10-31,Rouen,16.3,14.011887013292508
2022-11-01,Rouen,14.4,15.854839241934066
2022-11-02,Rouen,14.0,14.550993061816474
2022-11-03,Rouen,11.8,13.982329080593065
2022-11-04,Rouen,10.9,13.569238226283328
2022-11-05,Rouen,12.6,12.602952799400894
2022-11-06,Rouen,15.6,12.20899321671596
2022-11-07,Rouen,15.8,12.119475201040327
2022-11-08,Rouen,13.8,13.44212298417165
2022-11-09,Rouen,14.4,13.198464202990296
2022-11-10,Rouen,11.9,12.736518619895472
2022-11-11,Rouen,14.5,13.576366996914006
2022-11-12,Rouen,13.2,12.16286947744696
2022-11-13,Rouen,14.6,13.272100678233553
2022-11-14,Rouen,12.4,12.325205644204917
2022-11-15,Rouen,12.5,13.311645054524115
2022-11-16,Rouen,12.3,11.669448162401537
2022-11-17,Rouen,10.6,11.875516986026085
2022-11-18,Rouen,9.9,11.500203815098216
2022-11-19,Rouen,10.7,11.075475114828352
2022-11-20,Rouen,9.2,11.19239835104866
2022-11-21,Rouen,9.8,11.46533463759994
2022-11-22,Rouen,11.3,10.154036972029527
2022-11-23,Rouen,12.1,10.556739937515875
2022-11-24,Rouen,11.3,11.473349680051513
2022-11-25,Rouen,10.1,11.27748964368958
2022-11-26,Rouen,10.2,10.9782962509142
2022-11-27,Rouen,10.1,10.72617672568786
2022-11-28,Rouen,8.5,9.761008476940061
2022-11-29,Rouen,6.6,10.210805809310077
2022-11-30,Rouen,5.9,9.824143046825446
2022-12-01,Rouen,6.4,8.41026306437012
2022-12-02,Rouen,3.6,8.538748950153014
2022-12-03,Rouen,3.1,9.44856526693859
2022-12-04,Rouen,3.9,7.236328000953446
2022-12-05,Rouen,6.6,7.003981837136447
2022-12-06,Rouen,6.6,7.63335387808986
2022-12-07,Rouen,3.1,9.081560946998138
2022-12-08,Rouen,1.4,9.228166047557416
2022-12-09,Rouen,3.5,7.40432631907248
2022-12-10,Rouen,1.0,6.765187062214572
2022-12-11,Rouen,1.0,7.99879591347371
2022-12-12,Rouen,0.7,6.6408470627183664
2022-12-13,Rouen,1.1,6.610049585013199
2022-12-14,Rouen,3.0,6.418312557720169
2022-12-15,Rouen,4.6,6.291572356057356
2022-12-16,Rouen,-1.3,7.581033034258349
2022-12-17,Rouen,5.0,8.630872559198977
2022-12-18,Rouen,10.7,5.573303768256938
2022-12-19,Rouen,10.9,8.800450358344433
2022-12-20,Rouen,10.2,9.26386986742775
2022-12-21,Rouen,12.1,8.669852894313339
2022-12-22,Rouen,13.4,8.797706070728118
2022-12-23,Rouen,12.2,9.073509540196262
2022-12-24,Rouen,11.7,9.341188252037018
2022-12-25,Rouen,9.5,8.835592356081019
2022-12-26,Rouen,9.2,8.94625766163629
2022-12-27,Rouen,11.4,8.480153679252437
2022-12-28,Rouen,11.4,8.597014783642702
2022-12-29,Rouen,14.1,8.44040602892568
2022-12-30,Rouen,15.8,9.19494236652909
2022-10-01,Strasbourg,17.8,17.550143893075173
2022-10-02,Strasbourg,16.0,16.948840565815203
2022-10-03,Strasbourg,17.6,17.75188596869372
2022-10-04,Strasbourg,22.3,17.097321167421924
2022-10-05,Strasbourg,18.1,18.04632827623769
2022-10-06,Strasbourg,17.9,20.054078455904094
2022-10-07,Strasbourg,17.4,17.596344860873025
2022-10-08,Strasbourg,18.5,17.695807239047895
2022-10-09,Strasbourg,22.0,17.27126790415994
2022-10-10,Strasbourg,16.1,17.87378708224953
2022-10-11,Strasbourg,17.5,19.283593712074534
2022-10-12,Strasbourg,17.0,15.924129315088193
2022-10-13,Strasbourg,16.4,17.029616129236565
2022-10-14,Strasbourg,19.6,16.489855327072267
2022-10-15,Strasbourg,22.0,15.876834703605116
2022-10-16,Strasbourg,22.8,17.12976276839409
2022-10-17,Strasbourg,21.9,18.204550276309647
2022-10-18,Strasbourg,19.8,18.69243617075873
2022-10-19,Strasbourg,18.2,17.954353339879013
2022-10-20,Strasbourg,17.9,16.943835014641113
2022-10-21,Strasbourg,19.5,16.153751021613154
2022-10-22,Strasbourg,20.7,15.437666208696093
2022-10-23,Strasbourg,19.3,16.461549445913132
2022-10-24,Strasbourg,18.7,17.119041552331733
2022-10-25,Strasbourg,21.0,15.9533594067792
2022-10-26,Strasbourg,20.2,15.783618526997001
2022-10-27,Strasbourg,22.7,16.819921966594297
2022-10-28,Strasbourg,21.3,16.483512394943002
2022-10-29,Strasbourg,20.8,17.32188275454801
2022-10-30,Strasbourg,16.0,16.651201182875116
2022-10-31,Strasbourg,17.2,16.264232894898914
2022-11-01,Strasbourg,16.5,14.011966689468633
2022-11-02,Strasbourg,13.9,14.422977202350486
2022-11-03,Strasbourg,12.4,14.153225026639026
2022-11-04,Strasbourg,10.9,12.783675526555124
2022-11-05,Strasbourg,9.8,11.865668626780382
2022-11-06,Strasbourg,14.6,11.220849196144183
2022-11-07,Strasbourg,16.3,10.702676735216478
2022-11-08,Strasbourg,13.3,12.575542371233345
2022-11-09,Strasbourg,14.1,13.58941256403511
2022-11-10,Strasbourg,11.9,11.480955250256725
2022-11-11,Strasbourg,8.4,12.286914382950444
2022-11-12,Strasbourg,9.0,11.2072803584077
2022-11-13,Strasbourg,13.3,9.269226317526204
2022-11-14,Strasbourg,12.3,9.596199006301601
2022-11-15,Strasbourg,14.0,11.810964731240254
2022-11-16,Strasbourg,14.2,10.631023447118395
2022-11-17,Strasbourg,10.8,11.43296184610714
2022-11-18,Strasbourg,9.9,11.418470453962703
2022-11-19,Strasbourg,9.6,9.811766342690934
2022-11-20,Strasbourg,9.1,9.432651973791923
2022-11-21,Strasbourg,8.8,9.274909394816165
2022-11-22,Strasbourg,10.6,8.77262071842911
2022-11-23,Strasbourg,11.6,8.606893608082965
2022-11-24,Strasbourg,10.7,9.595416432949797
2022-11-25,Strasbourg,9.5,9.914536647250822
2022-11-26,Strasbourg,6.8,9.501135670876682
2022-11-27,Strasbourg,7.8,8.910908182924219
2022-11-28,Strasbourg,8.6,7.452111874192333
2022-11-29,Strasbourg,8.0,7.640492774107923
2022-11-30,Strasbourg,5.8,7.777859116853573
2022-12-01,Strasbourg,4.5,7.455336120768447
2022-12-02,Strasbourg,4.7,6.599557122263436
2022-12-03,Strasbourg,3.1,5.818828404438943
2022-12-04,Strasbourg,7.1,6.056220014966339
2022-12-05,Strasbourg,5.5,5.362253116820675
2022-12-06,Strasbourg,4.7,7.164701417894591
2022-12-07,Strasbourg,4.0,6.086202379160833
2022-12-08,Strasbourg,2.2,5.84761751102681
2022-12-09,Strasbourg,2.7,5.621131937924865
2022-12-10,Strasbourg,0.2,4.81976426210467
2022-12-11,Strasbourg,-1.4,4.869224541326993
2022-12-12,Strasbourg,-1.1,3.7566575995112323
2022-12-13,Strasbourg,-1.4,3.0126670686409156
2022-12-14,Strasbourg,-0.2,3.287075572575173
2022-12-15,Strasbourg,-0.7,2.662034720740248
2022-12-16,Strasbourg,-3.7,3.170562461424913
2022-12-17,Strasbourg,-0.9,3.3870309198202087
2022-12-18,Strasbourg,6.3,2.137866624055615
2022-12-19,Strasbourg,7.3,3.364422385072695
2022-12-20,Strasbourg,11.4,6.458707237206594
2022-12-21,Strasbourg,11.4,6.2425615269603085
2022-12-22,Strasbourg,13.1,8.218609715852544
2022-12-23,Strasbourg,11.7,7.932450629278536
2022-12-24,Strasbourg,12.3,8.654289026955347
2022-12-25,Strasbourg,11.0,7.85803695962611
2022-12-26,Strasbourg,8.1,8.331793874070401
2022-12-27,Strasbourg,9.3,7.476365397094055
2022-12-28,Strasbourg,13.0,6.664274027636356
2022-12-29,Strasbourg,12.3,7.1227550379575675
2022-12-30,Strasbourg,17.6,8.547582782724726
2022-10-01,Toulouse,22.6,20.329038201585746
2022-10-02,Toulouse,22.7,22.741617600771065
2022-10-03,Toulouse,23.4,22.728077614356504
2022-10-04,Toulouse,24.5,22.68855705322557
2022-10-05,Toulouse,20.4,22.981020423418585
2022-10-06,Toulouse,22.7,23.41182893028082
2022-10-07,Toulouse,21.3,21.12702251504185
2022-10-08,Toulouse,23.3,22.30112370203696
2022-10-09,Toulouse,24.5,21.421925898192338
2022-10-10,Toulouse,21.7,22.401619171992195
2022-10-11,Toulouse,22.7,22.90257570178349
2022-10-12,Toulouse,22.5,21.3306240818557
2022-10-13,Toulouse,22.4,21.770603074965837
2022-10-14,Toulouse,26.1,21.58214617658345
2022-10-15,Toulouse,25.7,21.423912803937533
2022-10-16,Toulouse,24.8,23.301451757730128
2022-10-17,Toulouse,25.5,22.915958030227085
2022-10-18,Toulouse,26.1,22.312341346405585
2022-10-19,Toulouse,24.7,22.586610824436573
2022-10-20,Toulouse,27.3,22.800519431802662
2022-10-21,Toulouse,25.4,21.980518647883407
2022-10-22,Toulouse,26.1,23.249185927297383
2022-10-23,Toulouse,24.1,22.212897375296407
2022-10-24,Toulouse,24.6,22.41643499908229
2022-10-25,Toulouse,24.5,21.32167834525212
2022-10-26,Toulouse,25.6,21.501415449442277
2022-10-27,Toulouse,24.5,21.336366833736726
2022-10-28,Toulouse,24.0,21.780904287336355
2022-10-29,Toulouse,23.3,21.10736799127767
2022-10-30,Toulouse,25.0,20.757033579968393
2022-10-31,Toulouse,19.7,20.308416365719843
2022-11-01,Toulouse,20.0,21.09622576420675
2022-11-02,Toulouse,19.3,18.248081875189186
2022-11-03,Toulouse,14.3,18.328807720995187
2022-11-04,Toulouse,15.1,17.89935200947165
2022-11-05,Toulouse,19.0,15.20377880832192
2022-11-06,Toulouse,20.5,15.584899698201273
2022-11-07,Toulouse,21.2,17.59539087725465
2022-11-08,Toulouse,17.2,18.235825282917045
2022-11-09,Toulouse,15.4,18.41101877775707
2022-11-10,Toulouse,20.4,16.243293614887985
2022-11-11,Toulouse,21.4,15.25796472781973
2022-11-12,Toulouse,20.3,17.803139246644232
2022-11-13,Toulouse,17.7,18.1464501124492
2022-11-14,Toulouse,18.0,17.56714665406621
2022-11-15,Toulouse,17.8,16.05871959334913
2022-11-16,Toulouse,17.7,16.144600015361025
2022-11-17,Toulouse,13.1,15.991019983936125
2022-11-18,Toulouse,10.6,15.814765060682992
2022-11-19,Toulouse,12.3,13.364382641659144
2022-11-20,Toulouse,15.1,12.010879381577599
2022-11-21,Toulouse,10.8,12.859761731939631
2022-11-22,Toulouse,16.0,14.182473332624024
2022-11-23,Toulouse,14.8,11.88697146670052
2022-11-24,Toulouse,11.3,14.477772488906975
2022-11-25,Toulouse,11.3,13.835265359070902
2022-11-26,Toulouse,12.1,11.893066741270221
2022-11-27,Toulouse,12.3,11.86513881767437
2022-11-28,Toulouse,11.1,12.202798676766772
2022-11-29,Toulouse,7.1,12.17435918175355
2022-11-30,Toulouse,6.6,11.53886578923208
2022-12-01,Toulouse,7.0,9.404681404575804
2022-12-02,Toulouse,8.3,9.080354878060177
2022-12-03,Toulouse,8.5,9.212221875921955
2022-12-04,Toulouse,10.9,9.824057570291853
2022-12-05,Toulouse,10.2,9.872393008603492
2022-12-06,Toulouse,12.3,11.102125892362395
2022-12-07,Toulouse,10.2,10.625138079994422
2022-12-08,Toulouse,10.2,11.620778013883518
2022-12-09,Toulouse,8.2,10.487529950793256
2022-12-10,Toulouse,5.1,10.3724068450684
2022-12-11,Toulouse,5.7,9.397260672579396
2022-12-12,Toulouse,13.5,7.755805795687433
2022-12-13,Toulouse,15.2,7.980304859764791
2022-12-14,Toulouse,12.9,11.907965546143608
2022-12-15,Toulouse,10.9,12.682586199285309
2022-12-16,Toulouse,7.9,11.428668376314647
2022-12-17,Toulouse,11.4,10.354254573533261
2022-12-18,Toulouse,15.5,8.81023106572338
2022-12-19,Toulouse,15.2,10.60675799882445
2022-12-20,Toulouse,16.2,12.577188961318917
2022-12-21,Toulouse,16.8,12.364616505821921
2022-12-22,Toulouse,17.5,12.858113112659648
2022-12-23,Toulouse,17.1,13.1653413625415
2022-12-24,Toulouse,14.9,13.490173997535429
2022-12-25,Toulouse,14.4,13.25498923769619
2022-12-26,Toulouse,12.7,12.046434034655093
2022-12-27,Toulouse,14.2,11.71437960816807
2022-12-28,Toulouse,14.0,10.823693218657983
2022-12-29,Toulouse,16.2,11.60639733326402
2022-12-30,Toulouse,15.2,11.442923935008684
